"target.id.oclc","target.title","target.location.name","target.location.coordinates","source.id.oclc","source.location.name","source.location.coordinates","article.count","issue.count","target.title.transliterated"
1588981,"المنار","al-Qāhira","30.06263, 31.24967",1588981,"al-Qāhira","30.06263, 31.24967",179,67,"almnar"
472450345,"لغة العرب","Baghdād","33.34058, 44.40088",472450345,"Baghdād","33.34058, 44.40088",92,27,"lG0 al3rb"
4770057679,"المقتبس","al-Qāhira","30.06263, 31.24967",4770057679,"Dimashq","33.5102, 36.29128",61,35,"almQtbs"
644997575,"الحقائق","Dimashq","33.5102, 36.29128",644997575,"Dimashq","33.5102, 36.29128",56,25,"al7Qa5Q"
NA,"الرياض","Baghdād","33.34058, 44.40088",472450345,"Baghdād","33.34058, 44.40088",34,23,"alryaD"
792755902,"المؤيد","al-Qāhira","30.06263, 31.24967",1588981,"al-Qāhira","30.06263, 31.24967",29,28,"almoyd"
NA,"اللواء",NA,NA,1588981,"al-Qāhira","30.06263, 31.24967",26,25,"allwaq"
472961924,"المجلة","Paris","48.85341, 2.3488",4770057679,"al-Qāhira","30.06263, 31.24967",23,14,"almjl0"
4770057679,"المقتبس","al-Qāhira","30.06263, 31.24967",4770057679,"al-Qāhira","30.06263, 31.24967",22,15,"almQtbs"
NA,"الأهرام",NA,NA,1588981,"al-Qāhira","30.06263, 31.24967",21,20,"alahram"
472961924,"المجلة","Paris","48.85341, 2.3488",4770057679,"Dimashq","33.5102, 36.29128",16,13,"almjl0"
NA,"وقت",NA,NA,1588981,"al-Qāhira","30.06263, 31.24967",16,15,"wQt"
NA,"العلم",NA,NA,1588981,"al-Qāhira","30.06263, 31.24967",15,14,"al3lm"
NA,"الحضارة",NA,NA,1588981,"al-Qāhira","30.06263, 31.24967",14,12,"al7Dar0"
1681243,"مجلة العالم الإسلامي","Paris","48.85341, 2.3488",4770057679,"Dimashq","33.5102, 36.29128",13,11,"mjl0 al3alm alaslamy"
4770057679,"المقتبس","al-Qāhira","30.06263, 31.24967",644997575,"Dimashq","33.5102, 36.29128",12,9,"almQtbs"
1034548778,"المفيد","Bayrūt","33.88894, 35.49442",1588981,"al-Qāhira","30.06263, 31.24967",11,10,"almfyd"
1034548778,"المفيد","Bayrūt","33.88894, 35.49442",644997575,"Dimashq","33.5102, 36.29128",11,7,"almfyd"
NA,"العالم",NA,NA,1588981,"al-Qāhira","30.06263, 31.24967",11,9,"al3alm"
1588981,"المنار","al-Qāhira","30.06263, 31.24967",4770057679,"al-Qāhira","30.06263, 31.24967",10,8,"almnar"
1639361,"الهلال","al-Qāhira","30.06263, 31.24967",1588981,"al-Qāhira","30.06263, 31.24967",10,11,"alhlal"
931941685,"المقتطف","Bayrūt","33.88894, 35.49442",4770057679,"al-Qāhira","30.06263, 31.24967",10,6,"almQtTf"
1022938052,"العرفان","Ṣaida","33.55751, 35.37148",4770057679,"Dimashq","33.5102, 36.29128",10,6,"al3rfan"
1034545644,"الزهور","al-Qāhira","30.06263, 31.24967",472450345,"Baghdād","33.34058, 44.40088",10,9,"alzhwr"
NA,"القبلة",NA,NA,1588981,"al-Qāhira","30.06263, 31.24967",10,7,"alQbl0"
NA,"وطن",NA,NA,1588981,"al-Qāhira","30.06263, 31.24967",10,10,"wTn"
1681243,"مجلة العالم الإسلامي","Paris","48.85341, 2.3488",4770057679,"al-Qāhira","30.06263, 31.24967",9,9,"mjl0 al3alm alaslamy"
263593774,"الطان","Paris","48.85341, 2.3488",1588981,"al-Qāhira","30.06263, 31.24967",9,9,"alTan"
992611467,"التيمس","London","51.50853, -0.12574",1588981,"al-Qāhira","30.06263, 31.24967",9,11,"altyms"
NA,"الشرق",NA,NA,1588981,"al-Qāhira","30.06263, 31.24967",9,10,"alWrQ"
1639361,"الهلال","al-Qāhira","30.06263, 31.24967",4770057679,"al-Qāhira","30.06263, 31.24967",8,7,"alhlal"
NA,"الاتحاد",NA,NA,1588981,"al-Qāhira","30.06263, 31.24967",8,6,"alat7ad"
NA,"المقطم",NA,NA,1588981,"al-Qāhira","30.06263, 31.24967",8,9,"almQTm"
1639361,"الهلال","al-Qāhira","30.06263, 31.24967",4770057679,"Dimashq","33.5102, 36.29128",7,7,"alhlal"
473817521,"المشرق","Bayrūt","33.88894, 35.49442",4770057679,"al-Qāhira","30.06263, 31.24967",7,6,"almWrQ"
473817521,"المشرق","Bayrūt","33.88894, 35.49442",4770057679,"Dimashq","33.5102, 36.29128",7,6,"almWrQ"
931941685,"المقتطف","Bayrūt","33.88894, 35.49442",4770057679,"Dimashq","33.5102, 36.29128",7,6,"almQtTf"
4770057679,"المقتبس","al-Qāhira","30.06263, 31.24967",1588981,"al-Qāhira","30.06263, 31.24967",7,8,"almQtbs"
NA,"إقدام",NA,NA,1588981,"al-Qāhira","30.06263, 31.24967",7,7,"aQdam"
NA,"العلم","Baghdād","33.34058, 44.40088",472450345,"Baghdād","33.34058, 44.40088",7,8,"al3lm"
NA,"الوطن",NA,NA,1588981,"al-Qāhira","30.06263, 31.24967",7,7,"alwTn"
931941685,"المقتطف","Bayrūt","33.88894, 35.49442",1588981,"al-Qāhira","30.06263, 31.24967",6,6,"almQtTf"
NA,"الأحكام",NA,NA,1588981,"al-Qāhira","30.06263, 31.24967",6,6,"ala7kam"
NA,"الأفكار",NA,NA,1588981,"al-Qāhira","30.06263, 31.24967",6,6,"alafkar"
NA,"الاقتصاديين",NA,NA,4770057679,"Dimashq","33.5102, 36.29128",6,6,"alaQtSadyyn"
NA,"التربية",NA,NA,4770057679,"Dimashq","33.5102, 36.29128",6,3,"altrby0"
NA,"الحياة",NA,NA,472450345,"Baghdād","33.34058, 44.40088",6,5,"al7ya0"
NA,"الدستور",NA,NA,472450345,"Baghdād","33.34058, 44.40088",6,6,"aldstwr"
NA,"الشرق",NA,NA,4770057679,"Dimashq","33.5102, 36.29128",6,6,"alWrQ"
NA,"الهدى",NA,NA,1588981,"al-Qāhira","30.06263, 31.24967",6,5,"alhdA"
NA,"بيروت",NA,NA,4770057679,"Dimashq","33.5102, 36.29128",6,2,"byrwt"
1588981,"المنار","al-Qāhira","30.06263, 31.24967",4770057679,"Dimashq","33.5102, 36.29128",5,5,"almnar"
1639361,"الهلال","al-Qāhira","30.06263, 31.24967",644997575,"Dimashq","33.5102, 36.29128",5,4,"alhlal"
19000299,"مجلة المجلات النيويوركية","New York City","40.71427, -74.00597",4770057679,"al-Qāhira","30.06263, 31.24967",5,5,"mjl0 almjlat alnywywrky0"
263593774,"الطان","Paris","48.85341, 2.3488",4770057679,"Dimashq","33.5102, 36.29128",5,5,"alTan"
1034555409,"الضياء","al-Qāhira","30.06263, 31.24967",4770057679,"al-Qāhira","30.06263, 31.24967",5,5,"alDyaq"
4770057679,"المقتبس","al-Qāhira","30.06263, 31.24967",472450345,"Baghdād","33.34058, 44.40088",5,5,"almQtbs"
NA,"الأحكام",NA,NA,4770057679,"Dimashq","33.5102, 36.29128",5,3,"ala7kam"
NA,"الأخبار",NA,NA,1588981,"al-Qāhira","30.06263, 31.24967",5,6,"alaKbar"
NA,"الحكومة",NA,NA,1588981,"al-Qāhira","30.06263, 31.24967",5,5,"al7kwm0"
NA,"الحياة",NA,NA,4770057679,"al-Qāhira","30.06263, 31.24967",5,3,"al7ya0"
NA,"بغداد",NA,NA,472450345,"Baghdād","33.34058, 44.40088",5,1,"bGdad"
1639361,"الهلال","al-Qāhira","30.06263, 31.24967",472450345,"Baghdād","33.34058, 44.40088",4,4,"alhlal"
19000299,"مجلة المجلات الأميركية","New York City","40.71427, -74.00597",4770057679,"al-Qāhira","30.06263, 31.24967",4,3,"mjl0 almjlat alamyrky0"
297351216,"مجلة المجلات الإنكليزية","London","51.50853, -0.12574",4770057679,"al-Qāhira","30.06263, 31.24967",4,4,"mjl0 almjlat alanklyzy0"
792755902,"المؤيد","al-Qāhira","30.06263, 31.24967",644997575,"Dimashq","33.5102, 36.29128",4,5,"almoyd"
792755902,"المؤيد","al-Qāhira","30.06263, 31.24967",4770057679,"al-Qāhira","30.06263, 31.24967",4,4,"almoyd"
792756327,"الحسناء","Bayrūt","33.88894, 35.49442",4770057679,"Dimashq","33.5102, 36.29128",4,4,"al7snaq"
992611467,"التيمس","London","51.50853, -0.12574",4770057679,"Dimashq","33.5102, 36.29128",4,4,"altyms"
1034550756,"الحقيقة","Bayrūt","33.88894, 35.49442",1588981,"al-Qāhira","30.06263, 31.24967",4,4,"al7QyQ0"
NA,"الاقتصاد",NA,NA,4770057679,"Dimashq","33.5102, 36.29128",4,4,"alaQtSad"
NA,"الديبا",NA,NA,4770057679,"Dimashq","33.5102, 36.29128",4,4,"aldyba"
NA,"الطبيعة",NA,NA,4770057679,"al-Qāhira","30.06263, 31.24967",4,4,"alTby30"
NA,"العالمين",NA,NA,4770057679,"al-Qāhira","30.06263, 31.24967",4,4,"al3almyn"
NA,"العراق",NA,NA,472450345,"Baghdād","33.34058, 44.40088",4,1,"al3raQ"
NA,"العروة",NA,NA,1588981,"al-Qāhira","30.06263, 31.24967",4,4,"al3rw0"
NA,"العلم","Baghdād","33.34058, 44.40088",4770057679,"Dimashq","33.5102, 36.29128",4,4,"al3lm"
NA,"القرن",NA,NA,1588981,"al-Qāhira","30.06263, 31.24967",4,5,"alQrn"
NA,"المنبر",NA,NA,1588981,"al-Qāhira","30.06263, 31.24967",4,5,"almnbr"
NA,"النبراس",NA,NA,4770057679,"Dimashq","33.5102, 36.29128",4,4,"alnbras"
NA,"الهدى",NA,NA,4770057679,"Dimashq","33.5102, 36.29128",4,4,"alhdA"
NA,"تربيت",NA,NA,1588981,"al-Qāhira","30.06263, 31.24967",4,3,"trbyt"
NA,"جريدة المقتبس",NA,NA,4770057679,"Dimashq","33.5102, 36.29128",4,4,"jryd0 almQtbs"
NA,"حديقة الأخبار",NA,NA,4770057679,"Dimashq","33.5102, 36.29128",4,3,"7dyQ0 alaKbar"
NA,"دين ومعيشت",NA,NA,1588981,"al-Qāhira","30.06263, 31.24967",4,4,"dyn wm3yWt"
NA,"سبل الرشاد",NA,NA,472450345,"Baghdād","33.34058, 44.40088",4,3,"sbl alrWad"
NA,"طنين",NA,NA,4770057679,"Dimashq","33.5102, 36.29128",4,4,"Tnyn"
1588981,"المنار","al-Qāhira","30.06263, 31.24967",644997575,"Dimashq","33.5102, 36.29128",3,3,"almnar"
263593774,"الطان","Paris","48.85341, 2.3488",4770057679,"al-Qāhira","30.06263, 31.24967",3,3,"alTan"
472961896,"مجلة المجلات","Paris","48.85341, 2.3488",644997575,"Dimashq","33.5102, 36.29128",3,3,"mjl0 almjlat"
473817521,"المشرق","Bayrūt","33.88894, 35.49442",472450345,"Baghdād","33.34058, 44.40088",3,4,"almWrQ"
792754974,"البيان","al-Qāhira","30.06263, 31.24967",1588981,"al-Qāhira","30.06263, 31.24967",3,4,"albyan"
792754974,"البيان","al-Qāhira","30.06263, 31.24967",4770057679,"Dimashq","33.5102, 36.29128",3,3,"albyan"
1034547407,"الجامعة","Alexandria","31.20176, 29.91582",4770057679,"al-Qāhira","30.06263, 31.24967",3,2,"aljam30"
NA,"أدلة الترقي",NA,NA,4770057679,"Dimashq","33.5102, 36.29128",3,2,"adl0 altrQy"
NA,"إقدام",NA,NA,4770057679,"Dimashq","33.5102, 36.29128",3,2,"aQdam"
NA,"اجتهاد",NA,NA,1588981,"al-Qāhira","30.06263, 31.24967",3,3,"ajthad"
NA,"الأهرام",NA,NA,4770057679,"Dimashq","33.5102, 36.29128",3,2,"alahram"
NA,"الإصلاح",NA,NA,1588981,"al-Qāhira","30.06263, 31.24967",3,2,"alaSla7"
NA,"البلاغ",NA,NA,644997575,"Dimashq","33.5102, 36.29128",3,3,"alblaG"
NA,"الجورنال",NA,NA,4770057679,"Dimashq","33.5102, 36.29128",3,3,"aljwrnal"
NA,"الحق يعلو",NA,NA,644997575,"Dimashq","33.5102, 36.29128",3,2,"al7Q y3lw"
NA,"الحياة",NA,NA,1588981,"al-Qāhira","30.06263, 31.24967",3,4,"al7ya0"
NA,"الديلي",NA,NA,1588981,"al-Qāhira","30.06263, 31.24967",3,3,"aldyly"
NA,"الرصافة",NA,NA,472450345,"Baghdād","33.34058, 44.40088",3,2,"alrSaf0"
NA,"الرياض",NA,NA,472450345,"Baghdād","33.34058, 44.40088",3,1,"alryaD"
NA,"الزرقاء",NA,NA,4770057679,"Dimashq","33.5102, 36.29128",3,3,"alzrQaq"
NA,"الزهور",NA,NA,472450345,"Baghdād","33.34058, 44.40088",3,2,"alzhwr"
NA,"الطبيعة",NA,NA,4770057679,"Dimashq","33.5102, 36.29128",3,3,"alTby30"
NA,"الظاهر",NA,NA,4770057679,"al-Qāhira","30.06263, 31.24967",3,3,"alZahr"
NA,"العالمين",NA,NA,4770057679,"Dimashq","33.5102, 36.29128",3,3,"al3almyn"
NA,"القسطاس",NA,NA,472450345,"Baghdād","33.34058, 44.40088",3,3,"alQsTas"
NA,"المجلات",NA,NA,1588981,"al-Qāhira","30.06263, 31.24967",3,3,"almjlat"
NA,"المجلة الآسياوية",NA,NA,4770057679,"Dimashq","33.5102, 36.29128",3,3,"almjl0 alasyawy0"
NA,"المفتاح",NA,NA,1588981,"al-Qāhira","30.06263, 31.24967",3,3,"almfta7"
NA,"المنبر",NA,NA,4770057679,"al-Qāhira","30.06263, 31.24967",3,3,"almnbr"
NA,"الهدى",NA,NA,4770057679,"al-Qāhira","30.06263, 31.24967",3,2,"alhdA"
NA,"بغداد",NA,NA,4770057679,"Dimashq","33.5102, 36.29128",3,1,"bGdad"
NA,"حمص",NA,NA,4770057679,"Dimashq","33.5102, 36.29128",3,2,"7mS"
NA,"شورا",NA,NA,1588981,"al-Qāhira","30.06263, 31.24967",3,3,"Wwra"
NA,"صباح",NA,NA,4770057679,"Dimashq","33.5102, 36.29128",3,3,"Sba7"
NA,"مجلة التربية",NA,NA,4770057679,"Dimashq","33.5102, 36.29128",3,3,"mjl0 altrby0"
NA,"وكيل",NA,NA,1588981,"al-Qāhira","30.06263, 31.24967",3,3,"wkyl"
NA,"يكي غزته",NA,NA,4770057679,"Dimashq","33.5102, 36.29128",3,3,"yky Gzth"
42900564,"الاتحاد العثماني","Bayrūt","33.88894, 35.49442",1588981,"al-Qāhira","30.06263, 31.24967",2,2,"alat7ad al3Umany"
42900564,"الاتحاد العثماني","Bayrūt","33.88894, 35.49442",644997575,"Dimashq","33.5102, 36.29128",2,2,"alat7ad al3Umany"
472450345,"لغة العرب","Baghdād","33.34058, 44.40088",4770057679,"Dimashq","33.5102, 36.29128",2,2,"lG0 al3rb"
472961896,"مجلة المجلات","Paris","48.85341, 2.3488",4770057679,"Dimashq","33.5102, 36.29128",2,2,"mjl0 almjlat"
792754974,"البيان","al-Qāhira","30.06263, 31.24967",472450345,"Baghdād","33.34058, 44.40088",2,2,"albyan"
792754974,"البيان","al-Qāhira","30.06263, 31.24967",4770057679,"al-Qāhira","30.06263, 31.24967",2,2,"albyan"
792755902,"المؤيد","al-Qāhira","30.06263, 31.24967",4770057679,"Dimashq","33.5102, 36.29128",2,2,"almoyd"
931941685,"المقتطف","Bayrūt","33.88894, 35.49442",644997575,"Dimashq","33.5102, 36.29128",2,2,"almQtTf"
1022938052,"العرفان","Ṣaida","33.55751, 35.37148",1588981,"al-Qāhira","30.06263, 31.24967",2,2,"al3rfan"
1034547407,"الجامعة","Alexandria","31.20176, 29.91582",1588981,"al-Qāhira","30.06263, 31.24967",2,2,"aljam30"
1034547407,"الجامعة","Alexandria","31.20176, 29.91582",4770057679,"Dimashq","33.5102, 36.29128",2,2,"aljam30"
1034550756,"الحقيقة","Bayrūt","33.88894, 35.49442",644997575,"Dimashq","33.5102, 36.29128",2,2,"al7QyQ0"
1034551122,"الآثار","Zaḥla","33.84972, 35.90417",4770057679,"Dimashq","33.5102, 36.29128",2,2,"alaUar"
1034555409,"الضياء","al-Qāhira","30.06263, 31.24967",644997575,"Dimashq","33.5102, 36.29128",2,2,"alDyaq"
1034555409,"الضياء","al-Qāhira","30.06263, 31.24967",4770057679,"Dimashq","33.5102, 36.29128",2,2,"alDyaq"
NA,"الآداب",NA,NA,1588981,"al-Qāhira","30.06263, 31.24967",2,2,"aladab"
NA,"الآنال",NA,NA,4770057679,"al-Qāhira","30.06263, 31.24967",2,2,"alanal"
NA,"الإصلاح",NA,NA,4770057679,"Dimashq","33.5102, 36.29128",2,1,"alaSla7"
NA,"الإمام",NA,NA,1588981,"al-Qāhira","30.06263, 31.24967",2,2,"alamam"
NA,"الاجتماع",NA,NA,4770057679,"Dimashq","33.5102, 36.29128",2,2,"alajtma3"
NA,"الباريزية",NA,NA,4770057679,"Dimashq","33.5102, 36.29128",2,2,"albaryzy0"
NA,"البرهان",NA,NA,1588981,"al-Qāhira","30.06263, 31.24967",2,2,"albrhan"
NA,"البريد",NA,NA,1588981,"al-Qāhira","30.06263, 31.24967",2,1,"albryd"
NA,"التعليم",NA,NA,4770057679,"al-Qāhira","30.06263, 31.24967",2,2,"alt3lym"
NA,"التواريخ",NA,NA,4770057679,"Dimashq","33.5102, 36.29128",2,2,"altwaryK"
NA,"الجامعة المصرية",NA,NA,4770057679,"Dimashq","33.5102, 36.29128",2,1,"aljam30 almSry0"
NA,"الجوائب",NA,NA,4770057679,"al-Qāhira","30.06263, 31.24967",2,2,"aljwa5b"
NA,"الجوائب",NA,NA,4770057679,"Dimashq","33.5102, 36.29128",2,2,"aljwa5b"
NA,"الحقوق","Jabal Lubnān","33.91667, 35.66667",4770057679,"Dimashq","33.5102, 36.29128",2,2,"al7QwQ"
NA,"الدستور",NA,NA,1588981,"al-Qāhira","30.06263, 31.24967",2,2,"aldstwr"
NA,"الرأي",NA,NA,1588981,"al-Qāhira","30.06263, 31.24967",2,2,"alray"
NA,"الرئيس",NA,NA,4770057679,"Dimashq","33.5102, 36.29128",2,2,"alr5ys"
NA,"الراوي",NA,NA,4770057679,"Dimashq","33.5102, 36.29128",2,2,"alrawy"
NA,"الرقيب",NA,NA,1588981,"al-Qāhira","30.06263, 31.24967",2,2,"alrQyb"
NA,"الزهرة",NA,NA,1588981,"al-Qāhira","30.06263, 31.24967",2,2,"alzhr0"
NA,"الشام",NA,NA,4770057679,"al-Qāhira","30.06263, 31.24967",2,1,"alWam"
NA,"الشعب",NA,NA,1588981,"al-Qāhira","30.06263, 31.24967",2,2,"alW3b"
NA,"الشورى",NA,NA,1588981,"al-Qāhira","30.06263, 31.24967",2,1,"alWwrA"
NA,"الصحة",NA,NA,4770057679,"Dimashq","33.5102, 36.29128",2,2,"alS70"
NA,"الطلبة",NA,NA,1588981,"al-Qāhira","30.06263, 31.24967",2,2,"alTlb0"
NA,"العالم الجديد",NA,NA,4770057679,"Dimashq","33.5102, 36.29128",2,2,"al3alm aljdyd"
NA,"العثماني",NA,NA,644997575,"Dimashq","33.5102, 36.29128",2,2,"al3Umany"
NA,"العجائب",NA,NA,1588981,"al-Qāhira","30.06263, 31.24967",2,2,"al3ja5b"
NA,"العرب",NA,NA,1588981,"al-Qāhira","30.06263, 31.24967",2,3,"al3rb"
NA,"العصر",NA,NA,4770057679,"Dimashq","33.5102, 36.29128",2,2,"al3Sr"
NA,"العصر الجديد","Dimashq","33.5102, 36.29128",644997575,"Dimashq","33.5102, 36.29128",2,2,"al3Sr aljdyd"
NA,"القِبلة",NA,NA,1588981,"al-Qāhira","30.06263, 31.24967",2,2,"alQِbl0"
NA,"القدس",NA,NA,4770057679,"Dimashq","33.5102, 36.29128",2,1,"alQds"
NA,"القرن",NA,NA,4770057679,"Dimashq","33.5102, 36.29128",2,2,"alQrn"
NA,"القصر",NA,NA,4770057679,"Dimashq","33.5102, 36.29128",2,2,"alQSr"
NA,"الكائنات",NA,NA,644997575,"Dimashq","33.5102, 36.29128",2,2,"alka5nat"
NA,"الكرمل",NA,NA,4770057679,"Dimashq","33.5102, 36.29128",2,2,"alkrml"
NA,"الكوثر",NA,NA,4770057679,"Dimashq","33.5102, 36.29128",2,2,"alkwUr"
NA,"المباحث",NA,NA,1588981,"al-Qāhira","30.06263, 31.24967",2,2,"almba7U"
NA,"المباحث",NA,NA,4770057679,"Dimashq","33.5102, 36.29128",2,2,"almba7U"
NA,"المجلة الجديدة",NA,NA,4770057679,"al-Qāhira","30.06263, 31.24967",2,2,"almjl0 aljdyd0"
NA,"المحيط",NA,NA,4770057679,"al-Qāhira","30.06263, 31.24967",2,2,"alm7yT"
NA,"المدرسة",NA,NA,4770057679,"Dimashq","33.5102, 36.29128",2,2,"almdrs0"
NA,"المطالعات البيتية",NA,NA,4770057679,"Dimashq","33.5102, 36.29128",2,2,"almTal3at albyty0"
NA,"المنتقد",NA,NA,4770057679,"Dimashq","33.5102, 36.29128",2,2,"almntQd"
NA,"النبراس",NA,NA,1588981,"al-Qāhira","30.06263, 31.24967",2,2,"alnbras"
NA,"النجف",NA,NA,4770057679,"Dimashq","33.5102, 36.29128",2,1,"alnjf"
NA,"النعمة",NA,NA,4770057679,"Dimashq","33.5102, 36.29128",2,2,"aln3m0"
NA,"النوفل",NA,NA,1588981,"al-Qāhira","30.06263, 31.24967",2,2,"alnwfl"
NA,"الورلد",NA,NA,4770057679,"Dimashq","33.5102, 36.29128",2,2,"alwrld"
NA,"الوطن","Bayrūt","33.88894, 35.49442",644997575,"Dimashq","33.5102, 36.29128",2,2,"alwTn"
NA,"ترجمان",NA,NA,1588981,"al-Qāhira","30.06263, 31.24967",2,2,"trjman"
NA,"ترقي",NA,NA,1588981,"al-Qāhira","30.06263, 31.24967",2,2,"trQy"
NA,"ترك",NA,NA,1588981,"al-Qāhira","30.06263, 31.24967",2,2,"trk"
NA,"تصوير أفكار",NA,NA,4770057679,"Dimashq","33.5102, 36.29128",2,2,"tSwyr afkar"
NA,"ثروت فنون",NA,NA,4770057679,"Dimashq","33.5102, 36.29128",2,2,"Urwt fnwn"
NA,"زميندار",NA,NA,1588981,"al-Qāhira","30.06263, 31.24967",2,2,"zmyndar"
NA,"شهبال",NA,NA,4770057679,"Dimashq","33.5102, 36.29128",2,2,"Whbal"
NA,"صراط مستقيم",NA,NA,1588981,"al-Qāhira","30.06263, 31.24967",2,2,"SraT mstQym"
NA,"طبيب العائلة",NA,NA,4770057679,"al-Qāhira","30.06263, 31.24967",2,1,"Tbyb al3a5l0"
NA,"طنين",NA,NA,1588981,"al-Qāhira","30.06263, 31.24967",2,2,"Tnyn"
NA,"فتى العرب",NA,NA,4770057679,"Dimashq","33.5102, 36.29128",2,1,"ftA al3rb"
NA,"مجلة الجامعة المصرية",NA,NA,4770057679,"Dimashq","33.5102, 36.29128",2,2,"mjl0 aljam30 almSry0"
NA,"مجلة الطبيعة",NA,NA,4770057679,"Dimashq","33.5102, 36.29128",2,2,"mjl0 alTby30"
NA,"مجلة العالمين",NA,NA,4770057679,"al-Qāhira","30.06263, 31.24967",2,2,"mjl0 al3almyn"
NA,"مجلة العلم الاجتماعي",NA,NA,4770057679,"Dimashq","33.5102, 36.29128",2,2,"mjl0 al3lm alajtma3y"
NA,"مقتبس",NA,NA,4770057679,"al-Qāhira","30.06263, 31.24967",2,2,"mQtbs"
NA,"مقتبس",NA,NA,4770057679,"Dimashq","33.5102, 36.29128",2,1,"mQtbs"
NA,"مكارم الأخلاق",NA,NA,644997575,"Dimashq","33.5102, 36.29128",2,1,"mkarm alaKlaQ"
NA,"نوفي فريميه",NA,NA,1588981,"al-Qāhira","30.06263, 31.24967",2,2,"nwfy frymyh"
1588981,"المنار","al-Qāhira","30.06263, 31.24967",472450345,"Baghdād","33.34058, 44.40088",1,1,"almnar"
1681243,"مجلة العالم الإسلامي","Paris","48.85341, 2.3488",472450345,"Baghdād","33.34058, 44.40088",1,1,"mjl0 al3alm alaslamy"
19000299,"مجلة المجلات الأمريكية","New York City","40.71427, -74.00597",4770057679,"al-Qāhira","30.06263, 31.24967",1,1,"mjl0 almjlat alamryky0"
42900564,"الاتحاد العثماني","Bayrūt","33.88894, 35.49442",4770057679,"Dimashq","33.5102, 36.29128",1,1,"alat7ad al3Umany"
173830042,"الطبيب",NA,NA,472450345,"Baghdād","33.34058, 44.40088",1,1,"alTbyb"
173830042,"الطبيب",NA,NA,4770057679,"al-Qāhira","30.06263, 31.24967",1,1,"alTbyb"
263593774,"الطان","Paris","48.85341, 2.3488",472450345,"Baghdād","33.34058, 44.40088",1,1,"alTan"
297351216,"مجلة المجلات","London","51.50853, -0.12574",4770057679,"al-Qāhira","30.06263, 31.24967",1,1,"mjl0 almjlat"
472961896,"مجلة المجلات الفرنسية","Paris","48.85341, 2.3488",4770057679,"al-Qāhira","30.06263, 31.24967",1,1,"mjl0 almjlat alfrnsy0"
473817521,"المشرق","Bayrūt","33.88894, 35.49442",1588981,"al-Qāhira","30.06263, 31.24967",1,1,"almWrQ"
644997575,"الحقائق","Dimashq","33.5102, 36.29128",4770057679,"Dimashq","33.5102, 36.29128",1,1,"al7Qa5Q"
792756327,"الحسناء","Bayrūt","33.88894, 35.49442",1588981,"al-Qāhira","30.06263, 31.24967",1,1,"al7snaq"
931941685,"المقتطف","Bayrūt","33.88894, 35.49442",472450345,"Baghdād","33.34058, 44.40088",1,1,"almQtTf"
987291181,"الجنان","Bayrūt","33.88894, 35.49442",1588981,"al-Qāhira","30.06263, 31.24967",1,1,"aljnan"
987291181,"الجنان","Bayrūt","33.88894, 35.49442",472450345,"Baghdād","33.34058, 44.40088",1,1,"aljnan"
987291181,"الجنان","Bayrūt","33.88894, 35.49442",4770057679,"Dimashq","33.5102, 36.29128",1,1,"aljnan"
992611467,"التيمس","London","51.50853, -0.12574",644997575,"Dimashq","33.5102, 36.29128",1,1,"altyms"
992611467,"التيمس","London","51.50853, -0.12574",4770057679,"al-Qāhira","30.06263, 31.24967",1,1,"altyms"
1022938052,"العرفان","Ṣaida","33.55751, 35.37148",472450345,"Baghdād","33.34058, 44.40088",1,1,"al3rfan"
1034545644,"الزهور","al-Qāhira","30.06263, 31.24967",4770057679,"Dimashq","33.5102, 36.29128",1,1,"alzhwr"
1034548778,"المفيد","Bayrūt","33.88894, 35.49442",472450345,"Baghdād","33.34058, 44.40088",1,1,"almfyd"
1034548778,"المفيد","Bayrūt","33.88894, 35.49442",4770057679,"Dimashq","33.5102, 36.29128",1,1,"almfyd"
1034550756,"الحقيقة","Bayrūt","33.88894, 35.49442",4770057679,"Dimashq","33.5102, 36.29128",1,1,"al7QyQ0"
1034551122,"الآثار","Zaḥla","33.84972, 35.90417",472450345,"Baghdād","33.34058, 44.40088",1,1,"alaUar"
1034555409,"الضياء","al-Qāhira","30.06263, 31.24967",472450345,"Baghdād","33.34058, 44.40088",1,1,"alDyaq"
1036721166,"الأستاذ","al-Qāhira","30.06263, 31.24967",1588981,"al-Qāhira","30.06263, 31.24967",1,1,"alastai"
NA,"(سالنامة) ولاية بيروت",NA,NA,4770057679,"Dimashq","33.5102, 36.29128",1,1,"(salnam0) wlay0 byrwt"
NA,"Le Traducteur",NA,NA,4770057679,"al-Qāhira","30.06263, 31.24967",1,1,"Le Traducteur"
NA,"Les Documents du Progrès",NA,NA,4770057679,"Dimashq","33.5102, 36.29128",1,1,"Les Documents du Progrès"
NA,"Revue Hispanique",NA,NA,4770057679,"al-Qāhira","30.06263, 31.24967",1,1,"Revue Hispanique"
NA,"Revue internationale d'éthnologie et de la linguistique",NA,NA,4770057679,"al-Qāhira","30.06263, 31.24967",1,1,"Revue internationale d'éthnologie et de la linguistique"
NA,"آياقوباو",NA,NA,1588981,"al-Qāhira","30.06263, 31.24967",1,1,"ayaQwbaw"
NA,"آيقاف",NA,NA,1588981,"al-Qāhira","30.06263, 31.24967",1,1,"ayQaf"
NA,"أبابيل",NA,NA,1588981,"al-Qāhira","30.06263, 31.24967",1,1,"ababyl"
NA,"أبزرور",NA,NA,1588981,"al-Qāhira","30.06263, 31.24967",1,1,"abzrwr"
NA,"أخوت",NA,NA,472450345,"Baghdād","33.34058, 44.40088",1,1,"aKwt"
NA,"أدبية اجتماعية لصاحبتها ومحررتها ملكة سعد",NA,NA,1588981,"al-Qāhira","30.06263, 31.24967",1,1,"adby0 ajtma3y0 lSa7btha wm7rrtha mlk0 s3d"
NA,"أرناؤود",NA,NA,4770057679,"Dimashq","33.5102, 36.29128",1,1,"arnaowd"
NA,"أفكار عمومية",NA,NA,472450345,"Baghdād","33.34058, 44.40088",1,1,"afkar 3mwmy0"
NA,"أقدام",NA,NA,1588981,"al-Qāhira","30.06263, 31.24967",1,1,"aQdam"
NA,"أقدام",NA,NA,4770057679,"Dimashq","33.5102, 36.29128",1,1,"aQdam"
NA,"ألفت",NA,NA,1588981,"al-Qāhira","30.06263, 31.24967",1,1,"alft"
NA,"أميركا الشمالية",NA,NA,4770057679,"al-Qāhira","30.06263, 31.24967",1,1,"amyrka alWmaly0"
NA,"أندرنوخ",NA,NA,1588981,"al-Qāhira","30.06263, 31.24967",1,1,"andrnwK"
NA,"أنيس الجليس",NA,NA,4770057679,"al-Qāhira","30.06263, 31.24967",1,1,"anys aljlys"
NA,"إرساليات التبشير البروتستانية",NA,NA,1588981,"al-Qāhira","30.06263, 31.24967",1,1,"arsalyat altbWyr albrwtstany0"
NA,"إسلامك ريبويو",NA,NA,1588981,"al-Qāhira","30.06263, 31.24967",1,1,"aslamk rybwyw"
NA,"إيفنن نيوز",NA,NA,4770057679,"Dimashq","33.5102, 36.29128",1,1,"ayfnn nywz"
NA,"إيكودي تريبولي",NA,NA,1588981,"al-Qāhira","30.06263, 31.24967",1,1,"aykwdy trybwly"
NA,"استقبال",NA,NA,1588981,"al-Qāhira","30.06263, 31.24967",1,1,"astQbal"
NA,"اشك",NA,NA,4770057679,"Dimashq","33.5102, 36.29128",1,1,"aWk"
NA,"اطلاع",NA,NA,1588981,"al-Qāhira","30.06263, 31.24967",1,1,"aTla3"
NA,"اعتدال",NA,NA,1588981,"al-Qāhira","30.06263, 31.24967",1,1,"a3tdal"
NA,"الآسياوية",NA,NA,4770057679,"Dimashq","33.5102, 36.29128",1,1,"alasyawy0"
NA,"الآورلوك",NA,NA,4770057679,"Dimashq","33.5102, 36.29128",1,1,"alawrlwk"
NA,"الأبزرور",NA,NA,1588981,"al-Qāhira","30.06263, 31.24967",1,1,"alabzrwr"
NA,"الأبزيرفر",NA,NA,1588981,"al-Qāhira","30.06263, 31.24967",1,1,"alabzyrfr"
NA,"الأثري",NA,NA,4770057679,"Dimashq","33.5102, 36.29128",1,1,"alaUry"
NA,"الأحكام",NA,NA,4770057679,"al-Qāhira","30.06263, 31.24967",1,1,"ala7kam"
NA,"الأخبار",NA,NA,4770057679,"al-Qāhira","30.06263, 31.24967",1,1,"alaKbar"
NA,"الأخبارأحد",NA,NA,1588981,"al-Qāhira","30.06263, 31.24967",1,1,"alaKbara7d"
NA,"الأديان",NA,NA,1588981,"al-Qāhira","30.06263, 31.24967",1,1,"aladyan"
NA,"الأرز",NA,NA,4770057679,"Dimashq","33.5102, 36.29128",1,1,"alarz"
NA,"الأرض",NA,NA,4770057679,"al-Qāhira","30.06263, 31.24967",1,1,"alarD"
NA,"الأسبوع الأدبي",NA,NA,4770057679,"Dimashq","33.5102, 36.29128",1,1,"alasbw3 aladby"
NA,"الأسرار",NA,NA,472450345,"Baghdād","33.34058, 44.40088",1,1,"alasrar"
NA,"الأضواء",NA,NA,472450345,"Baghdād","33.34058, 44.40088",1,1,"alaDwaq"
NA,"الأفكار",NA,NA,4770057679,"al-Qāhira","30.06263, 31.24967",1,1,"alafkar"
NA,"الأفكار",NA,NA,4770057679,"Dimashq","33.5102, 36.29128",1,1,"alafkar"
NA,"الأفكار الحديثة",NA,NA,4770057679,"Dimashq","33.5102, 36.29128",1,1,"alafkar al7dyU0"
NA,"الأقرباء",NA,NA,4770057679,"Dimashq","33.5102, 36.29128",1,1,"alaQrbaq"
NA,"الأقلام",NA,NA,4770057679,"al-Qāhira","30.06263, 31.24967",1,1,"alaQlam"
NA,"الأمم",NA,NA,4770057679,"Dimashq","33.5102, 36.29128",1,1,"alamm"
NA,"الأنتروبوس",NA,NA,4770057679,"al-Qāhira","30.06263, 31.24967",1,1,"alantrwbws"
NA,"الأنوار",NA,NA,472450345,"Baghdād","33.34058, 44.40088",1,1,"alanwar"
NA,"الأهالي",NA,NA,1588981,"al-Qāhira","30.06263, 31.24967",1,1,"alahaly"
NA,"الأهرام",NA,NA,4770057679,"al-Qāhira","30.06263, 31.24967",1,1,"alahram"
NA,"الأوتلوك",NA,NA,4770057679,"Dimashq","33.5102, 36.29128",1,1,"alawtlwk"
NA,"الأوتو",NA,NA,4770057679,"Dimashq","33.5102, 36.29128",1,1,"alawtw"
NA,"الأيجبت",NA,NA,1588981,"al-Qāhira","30.06263, 31.24967",1,1,"alayjbt"
NA,"الإجبت",NA,NA,1588981,"al-Qāhira","30.06263, 31.24967",1,1,"alajbt"
NA,"الإخاء",NA,NA,4770057679,"Dimashq","33.5102, 36.29128",1,1,"alaKaq"
NA,"الإخراجات",NA,NA,4770057679,"Dimashq","33.5102, 36.29128",1,1,"alaKrajat"
NA,"الإرشاد",NA,NA,472450345,"Baghdād","33.34058, 44.40088",1,1,"alarWad"
NA,"الإرشاد",NA,NA,644997575,"Dimashq","33.5102, 36.29128",1,1,"alarWad"
NA,"الإسترن",NA,NA,1588981,"al-Qāhira","30.06263, 31.24967",1,1,"alastrn"
NA,"الإسلام",NA,NA,1588981,"al-Qāhira","30.06263, 31.24967",1,2,"alaslam"
NA,"الإقبال",NA,NA,1588981,"al-Qāhira","30.06263, 31.24967",1,1,"alaQbal"
NA,"الإقبال",NA,NA,4770057679,"al-Qāhira","30.06263, 31.24967",1,1,"alaQbal"
NA,"الإنسانية",NA,NA,1588981,"al-Qāhira","30.06263, 31.24967",1,1,"alansany0"
NA,"الإنسانية",NA,NA,4770057679,"Dimashq","33.5102, 36.29128",1,1,"alansany0"
NA,"الإيكو دي باري",NA,NA,4770057679,"Dimashq","33.5102, 36.29128",1,1,"alaykw dy bary"
NA,"الإيكودي باري",NA,NA,4770057679,"Dimashq","33.5102, 36.29128",1,1,"alaykwdy bary"
NA,"الاتحاد",NA,NA,4770057679,"Dimashq","33.5102, 36.29128",1,1,"alat7ad"
NA,"الاجتهاد",NA,NA,1588981,"al-Qāhira","30.06263, 31.24967",1,1,"alajthad"
NA,"الاحياء",NA,NA,4770057679,"al-Qāhira","30.06263, 31.24967",1,1,"ala7yaq"
NA,"الاستعمار",NA,NA,4770057679,"al-Qāhira","30.06263, 31.24967",1,1,"alast3mar"
NA,"الاقتصاديين",NA,NA,4770057679,"al-Qāhira","30.06263, 31.24967",1,1,"alaQtSadyyn"
NA,"الاكونومبست أوربيين",NA,NA,4770057679,"al-Qāhira","30.06263, 31.24967",1,1,"alakwnwmbst awrbyyn"
NA,"الالستراسيون",NA,NA,472450345,"Baghdād","33.34058, 44.40088",1,1,"alalstrasywn"
NA,"الانثربوس",NA,NA,472450345,"Baghdād","33.34058, 44.40088",1,1,"alanUrbws"
NA,"الانقلاب",NA,NA,472450345,"Baghdād","33.34058, 44.40088",1,1,"alanQlab"
NA,"الاونيفر",NA,NA,472450345,"Baghdād","33.34058, 44.40088",1,1,"alawnyfr"
NA,"الايكو",NA,NA,1588981,"al-Qāhira","30.06263, 31.24967",1,1,"alaykw"
NA,"الايكو",NA,NA,4770057679,"Dimashq","33.5102, 36.29128",1,1,"alaykw"
NA,"الايكودي باري",NA,NA,4770057679,"Dimashq","33.5102, 36.29128",1,1,"alaykwdy bary"
NA,"البابيروس",NA,NA,4770057679,"al-Qāhira","30.06263, 31.24967",1,1,"albabyrws"
NA,"البال",NA,NA,1588981,"al-Qāhira","30.06263, 31.24967",1,1,"albal"
NA,"البال مال غازت",NA,NA,4770057679,"Dimashq","33.5102, 36.29128",1,1,"albal mal Gazt"
NA,"البايي",NA,NA,1588981,"al-Qāhira","30.06263, 31.24967",1,1,"albayy"
NA,"البتي",NA,NA,4770057679,"Dimashq","33.5102, 36.29128",1,1,"albty"
NA,"البتي باريزين",NA,NA,4770057679,"Dimashq","33.5102, 36.29128",1,1,"albty baryzyn"
NA,"البتي جرنال",NA,NA,4770057679,"al-Qāhira","30.06263, 31.24967",1,1,"albty jrnal"
NA,"البروجريسو",NA,NA,1588981,"al-Qāhira","30.06263, 31.24967",1,1,"albrwjrysw"
NA,"البريس",NA,NA,4770057679,"al-Qāhira","30.06263, 31.24967",1,1,"albrys"
NA,"البريس",NA,NA,4770057679,"Dimashq","33.5102, 36.29128",1,1,"albrys"
NA,"البشير",NA,NA,1588981,"al-Qāhira","30.06263, 31.24967",1,1,"albWyr"
NA,"البشير",NA,NA,4770057679,"Dimashq","33.5102, 36.29128",1,1,"albWyr"
NA,"البصائر",NA,NA,4770057679,"Dimashq","33.5102, 36.29128",1,1,"albSa5r"
NA,"البصرة",NA,NA,4770057679,"Dimashq","33.5102, 36.29128",1,1,"albSr0"
NA,"البصير",NA,NA,1588981,"al-Qāhira","30.06263, 31.24967",1,1,"albSyr"
NA,"البلبل",NA,NA,472450345,"Baghdād","33.34058, 44.40088",1,1,"alblbl"
NA,"البيوت",NA,NA,4770057679,"al-Qāhira","30.06263, 31.24967",1,1,"albywt"
NA,"البيوت",NA,NA,4770057679,"Dimashq","33.5102, 36.29128",1,1,"albywt"
NA,"التذكرة",NA,NA,1588981,"al-Qāhira","30.06263, 31.24967",1,1,"altikr0"
NA,"التربيونا",NA,NA,4770057679,"Dimashq","33.5102, 36.29128",1,1,"altrbywna"
NA,"التعاون",NA,NA,472450345,"Baghdād","33.34058, 44.40088",1,1,"alt3awn"
NA,"التفكر",NA,NA,472450345,"Baghdād","33.34058, 44.40088",1,1,"altfkr"
NA,"التنخل",NA,NA,4770057679,"Dimashq","33.5102, 36.29128",1,1,"altnKl"
NA,"التهذيب",NA,NA,1588981,"al-Qāhira","30.06263, 31.24967",1,1,"althiyb"
NA,"الثبات",NA,NA,4770057679,"Dimashq","33.5102, 36.29128",1,1,"alUbat"
NA,"الجريدة",NA,NA,1588981,"al-Qāhira","30.06263, 31.24967",1,1,"aljryd0"
NA,"الجريدة",NA,NA,4770057679,"al-Qāhira","30.06263, 31.24967",1,1,"aljryd0"
NA,"الجريدة",NA,NA,4770057679,"Dimashq","33.5102, 36.29128",1,1,"aljryd0"
NA,"الجسمانية",NA,NA,472450345,"Baghdād","33.34058, 44.40088",1,1,"aljsmany0"
NA,"الجمعية",NA,NA,1588981,"al-Qāhira","30.06263, 31.24967",1,1,"aljm3y0"
NA,"الجوائب",NA,NA,1588981,"al-Qāhira","30.06263, 31.24967",1,1,"aljwa5b"
NA,"الجورنال",NA,NA,4770057679,"al-Qāhira","30.06263, 31.24967",1,1,"aljwrnal"
NA,"الجورنال دي كير",NA,NA,644997575,"Dimashq","33.5102, 36.29128",1,1,"aljwrnal dy kyr"
NA,"الحارس",NA,NA,4770057679,"Dimashq","33.5102, 36.29128",1,1,"al7ars"
NA,"الحبل",NA,NA,472450345,"Baghdād","33.34058, 44.40088",1,1,"al7bl"
NA,"الحجاز",NA,NA,4770057679,"Dimashq","33.5102, 36.29128",1,1,"al7jaz"
NA,"الحقوق",NA,NA,472450345,"Baghdād","33.34058, 44.40088",1,1,"al7QwQ"
NA,"الحقيقة",NA,NA,472450345,"Baghdād","33.34058, 44.40088",1,1,"al7QyQ0"
NA,"الحكمة",NA,NA,4770057679,"al-Qāhira","30.06263, 31.24967",1,1,"al7km0"
NA,"الحياة",NA,NA,4770057679,"Dimashq","33.5102, 36.29128",1,1,"al7ya0"
NA,"الحياة البيتة",NA,NA,4770057679,"Dimashq","33.5102, 36.29128",1,1,"al7ya0 albyt0"
NA,"الحياة البيتية",NA,NA,4770057679,"al-Qāhira","30.06263, 31.24967",1,1,"al7ya0 albyty0"
NA,"الحياة البيتية",NA,NA,4770057679,"Dimashq","33.5102, 36.29128",1,1,"al7ya0 albyty0"
NA,"الخرج",NA,NA,1588981,"al-Qāhira","30.06263, 31.24967",1,1,"alKrj"
NA,"الخواص",NA,NA,1588981,"al-Qāhira","30.06263, 31.24967",1,1,"alKwaS"
NA,"الدايلي",NA,NA,1588981,"al-Qāhira","30.06263, 31.24967",1,1,"aldayly"
NA,"الدروس",NA,NA,4770057679,"Dimashq","33.5102, 36.29128",1,1,"aldrws"
NA,"الدولة",NA,NA,4770057679,"Dimashq","33.5102, 36.29128",1,1,"aldwl0"
NA,"الديبا",NA,NA,1588981,"al-Qāhira","30.06263, 31.24967",1,1,"aldyba"
NA,"الديبا",NA,NA,4770057679,"al-Qāhira","30.06263, 31.24967",1,1,"aldyba"
NA,"الديبيش",NA,NA,1588981,"al-Qāhira","30.06263, 31.24967",1,1,"aldybyW"
NA,"الديبيش كلونيال",NA,NA,4770057679,"al-Qāhira","30.06263, 31.24967",1,1,"aldybyW klwnyal"
NA,"الديلي",NA,NA,4770057679,"Dimashq","33.5102, 36.29128",1,1,"aldyly"
NA,"الديلي اكسبرس",NA,NA,4770057679,"Dimashq","33.5102, 36.29128",1,1,"aldyly aksbrs"
NA,"الديلي تلغراف",NA,NA,4770057679,"Dimashq","33.5102, 36.29128",1,1,"aldyly tlGraf"
NA,"الديلي كرونيكل",NA,NA,4770057679,"Dimashq","33.5102, 36.29128",1,1,"aldyly krwnykl"
NA,"الديلي ميرور",NA,NA,4770057679,"Dimashq","33.5102, 36.29128",1,1,"aldyly myrwr"
NA,"الديلي ميل",NA,NA,4770057679,"Dimashq","33.5102, 36.29128",1,1,"aldyly myl"
NA,"الديلي نيوز",NA,NA,4770057679,"Dimashq","33.5102, 36.29128",1,1,"aldyly nywz"
NA,"الرأي العام","Bayrūt","33.88894, 35.49442",644997575,"Dimashq","33.5102, 36.29128",1,1,"alray al3am"
NA,"الرابطة",NA,NA,4770057679,"Dimashq","33.5102, 36.29128",1,1,"alrabT0"
NA,"الراوي",NA,NA,1588981,"al-Qāhira","30.06263, 31.24967",1,1,"alrawy"
NA,"الربيج",NA,NA,1588981,"al-Qāhira","30.06263, 31.24967",1,1,"alrbyj"
NA,"الرقيب",NA,NA,472450345,"Baghdād","33.34058, 44.40088",1,1,"alrQyb"
NA,"الرياحين",NA,NA,472450345,"Baghdād","33.34058, 44.40088",1,1,"alrya7yn"
NA,"الرياض",NA,NA,1588981,"al-Qāhira","30.06263, 31.24967",1,1,"alryaD"
NA,"الريحانة",NA,NA,4770057679,"al-Qāhira","30.06263, 31.24967",1,1,"alry7an0"
NA,"الزمان",NA,NA,1588981,"al-Qāhira","30.06263, 31.24967",1,1,"alzman"
NA,"الزمان",NA,NA,4770057679,"Dimashq","33.5102, 36.29128",1,1,"alzman"
NA,"الزوج",NA,NA,1588981,"al-Qāhira","30.06263, 31.24967",1,1,"alzwj"
NA,"الزورآء",NA,NA,472450345,"Baghdād","33.34058, 44.40088",1,1,"alzwraq"
NA,"الزوراء","Baghdād","33.34058, 44.40088",472450345,"Baghdād","33.34058, 44.40088",1,1,"alzwraq"
NA,"الزوراء","Baghdād","33.34058, 44.40088",4770057679,"Dimashq","33.5102, 36.29128",1,1,"alzwraq"
NA,"السائح",NA,NA,644997575,"Dimashq","33.5102, 36.29128",1,1,"alsa57"
NA,"السبيكل",NA,NA,1588981,"al-Qāhira","30.06263, 31.24967",1,1,"alsbykl"
NA,"الستاندارد",NA,NA,4770057679,"Dimashq","33.5102, 36.29128",1,1,"alstandard"
NA,"الستندارد",NA,NA,4770057679,"Dimashq","33.5102, 36.29128",1,1,"alstndard"
NA,"السجلات المراكشية",NA,NA,4770057679,"Dimashq","33.5102, 36.29128",1,1,"alsjlat almrakWy0"
NA,"السلام",NA,NA,4770057679,"al-Qāhira","30.06263, 31.24967",1,1,"alslam"
NA,"السنة",NA,NA,4770057679,"Dimashq","33.5102, 36.29128",1,1,"alsn0"
NA,"السورفي",NA,NA,4770057679,"Dimashq","33.5102, 36.29128",1,1,"alswrfy"
NA,"السيشر",NA,NA,1588981,"al-Qāhira","30.06263, 31.24967",1,1,"alsyWr"
NA,"الشتاء",NA,NA,4770057679,"al-Qāhira","30.06263, 31.24967",1,1,"alWtaq"
NA,"الشرق",NA,NA,472450345,"Baghdād","33.34058, 44.40088",1,1,"alWrQ"
NA,"الشرق والغرب",NA,NA,4770057679,"al-Qāhira","30.06263, 31.24967",1,1,"alWrQ walGrb"
NA,"الشعراء",NA,NA,4770057679,"Dimashq","33.5102, 36.29128",1,1,"alW3raq"
NA,"الصاعقة",NA,NA,472450345,"Baghdād","33.34058, 44.40088",1,1,"alSa3Q0"
NA,"الصحافة",NA,NA,1588981,"al-Qāhira","30.06263, 31.24967",1,1,"alS7af0"
NA,"الصواب",NA,NA,1588981,"al-Qāhira","30.06263, 31.24967",1,1,"alSwab"
NA,"الصور",NA,NA,1588981,"al-Qāhira","30.06263, 31.24967",1,1,"alSwr"
NA,"الطب",NA,NA,4770057679,"Dimashq","33.5102, 36.29128",1,1,"alTb"
NA,"الطريق",NA,NA,1588981,"al-Qāhira","30.06263, 31.24967",1,1,"alTryQ"
NA,"الظاهر",NA,NA,1588981,"al-Qāhira","30.06263, 31.24967",1,1,"alZahr"
NA,"الظرائف",NA,NA,472450345,"Baghdād","33.34058, 44.40088",1,1,"alZra5f"
NA,"العالم",NA,NA,4770057679,"al-Qāhira","30.06263, 31.24967",1,1,"al3alm"
NA,"العالم الإسلامي",NA,NA,4770057679,"Dimashq","33.5102, 36.29128",1,1,"al3alm alaslamy"
NA,"العالم السلامي",NA,NA,4770057679,"al-Qāhira","30.06263, 31.24967",1,1,"al3alm alslamy"
NA,"العالم الشرقي",NA,NA,4770057679,"Dimashq","33.5102, 36.29128",1,1,"al3alm alWrQy"
NA,"العالمين",NA,NA,644997575,"Dimashq","33.5102, 36.29128",1,1,"al3almyn"
NA,"العرب",NA,NA,472450345,"Baghdād","33.34058, 44.40088",1,1,"al3rb"
NA,"العرب",NA,NA,644997575,"Dimashq","33.5102, 36.29128",1,1,"al3rb"
NA,"العروة",NA,NA,4770057679,"Dimashq","33.5102, 36.29128",1,1,"al3rw0"
NA,"العروس",NA,NA,4770057679,"Dimashq","33.5102, 36.29128",1,1,"al3rws"
NA,"العريس",NA,NA,4770057679,"Dimashq","33.5102, 36.29128",1,1,"al3rys"
NA,"العصر الجديد","Dimashq","33.5102, 36.29128",4770057679,"Dimashq","33.5102, 36.29128",1,1,"al3Sr aljdyd"
NA,"العلم",NA,NA,472450345,"Baghdād","33.34058, 44.40088",1,1,"al3lm"
NA,"العلم","Baghdād","33.34058, 44.40088",4770057679,"al-Qāhira","30.06263, 31.24967",1,1,"al3lm"
NA,"العلم العام",NA,NA,4770057679,"al-Qāhira","30.06263, 31.24967",1,1,"al3lm al3am"
NA,"العلم في القرن ال عشرين",NA,NA,4770057679,"al-Qāhira","30.06263, 31.24967",1,1,"al3lm fy alQrn al 3Wryn"
NA,"العلماء",NA,NA,1588981,"al-Qāhira","30.06263, 31.24967",1,1,"al3lmaq"
NA,"العلماء",NA,NA,4770057679,"Dimashq","33.5102, 36.29128",1,1,"al3lmaq"
NA,"العلوم",NA,NA,1588981,"al-Qāhira","30.06263, 31.24967",1,1,"al3lwm"
NA,"العمران",NA,NA,1588981,"al-Qāhira","30.06263, 31.24967",1,1,"al3mran"
NA,"العمران",NA,NA,4770057679,"al-Qāhira","30.06263, 31.24967",1,1,"al3mran"
NA,"العملة",NA,NA,4770057679,"al-Qāhira","30.06263, 31.24967",1,1,"al3ml0"
NA,"العهد",NA,NA,4770057679,"al-Qāhira","30.06263, 31.24967",1,1,"al3hd"
NA,"الفرنسوية",NA,NA,4770057679,"Dimashq","33.5102, 36.29128",1,1,"alfrnswy0"
NA,"الفيغار",NA,NA,4770057679,"Dimashq","33.5102, 36.29128",1,1,"alfyGar"
NA,"القدس",NA,NA,1588981,"al-Qāhira","30.06263, 31.24967",1,1,"alQds"
NA,"القرن",NA,NA,4770057679,"al-Qāhira","30.06263, 31.24967",1,1,"alQrn"
NA,"الكرخ",NA,NA,472450345,"Baghdād","33.34058, 44.40088",1,1,"alkrK"
NA,"الكرمل",NA,NA,1588981,"al-Qāhira","30.06263, 31.24967",1,1,"alkrml"
NA,"الكلية",NA,NA,1588981,"al-Qāhira","30.06263, 31.24967",1,1,"alkly0"
NA,"الكلية",NA,NA,4770057679,"Dimashq","33.5102, 36.29128",1,1,"alkly0"
NA,"الكمال",NA,NA,472450345,"Baghdād","33.34058, 44.40088",1,1,"alkmal"
NA,"الكوارترلي",NA,NA,1588981,"al-Qāhira","30.06263, 31.24967",1,1,"alkwartrly"
NA,"الكورسبوندان",NA,NA,4770057679,"al-Qāhira","30.06263, 31.24967",1,1,"alkwrsbwndan"
NA,"الكورسبوندان",NA,NA,4770057679,"Dimashq","33.5102, 36.29128",1,1,"alkwrsbwndan"
NA,"الكومندايتور",NA,NA,1588981,"al-Qāhira","30.06263, 31.24967",1,1,"alkwmndaytwr"
NA,"الكونستيتوسيونل",NA,NA,4770057679,"Dimashq","33.5102, 36.29128",1,1,"alkwnstytwsywnl"
NA,"اللاذقية",NA,NA,4770057679,"Dimashq","33.5102, 36.29128",1,1,"allaiQy0"
NA,"اللباب",NA,NA,4770057679,"al-Qāhira","30.06263, 31.24967",1,1,"allbab"
NA,"اللهم",NA,NA,4770057679,"Dimashq","33.5102, 36.29128",1,1,"allhm"
NA,"اللواء",NA,NA,4770057679,"al-Qāhira","30.06263, 31.24967",1,1,"allwaq"
NA,"اللواء",NA,NA,4770057679,"Dimashq","33.5102, 36.29128",1,1,"allwaq"
NA,"اللوقال إنجايكر",NA,NA,644997575,"Dimashq","33.5102, 36.29128",1,1,"allwQal anjaykr"
NA,"اللويد",NA,NA,4770057679,"Dimashq","33.5102, 36.29128",1,1,"allwyd"
NA,"الماتين",NA,NA,4770057679,"Dimashq","33.5102, 36.29128",1,1,"almatyn"
NA,"الماتيني",NA,NA,4770057679,"Dimashq","33.5102, 36.29128",1,1,"almatyny"
NA,"المايتن",NA,NA,4770057679,"Dimashq","33.5102, 36.29128",1,1,"almaytn"
NA,"المايل",NA,NA,1588981,"al-Qāhira","30.06263, 31.24967",1,1,"almayl"
NA,"المبشر",NA,NA,4770057679,"Dimashq","33.5102, 36.29128",1,1,"almbWr"
NA,"المبشرين",NA,NA,1588981,"al-Qāhira","30.06263, 31.24967",1,1,"almbWryn"
NA,"المترجم",NA,NA,4770057679,"al-Qāhira","30.06263, 31.24967",1,1,"almtrjm"
NA,"المتقتبس",NA,NA,4770057679,"Dimashq","33.5102, 36.29128",1,1,"almtQtbs"
NA,"المتقطف",NA,NA,1588981,"al-Qāhira","30.06263, 31.24967",1,1,"almtQTf"
NA,"المجلة الآسيوية",NA,NA,4770057679,"Dimashq","33.5102, 36.29128",1,1,"almjl0 alasywy0"
NA,"المجلة الإسبانية",NA,NA,4770057679,"al-Qāhira","30.06263, 31.24967",1,1,"almjl0 alasbany0"
NA,"المجلة الإسبانية",NA,NA,4770057679,"Dimashq","33.5102, 36.29128",1,1,"almjl0 alasbany0"
NA,"المجلة الإفريقية",NA,NA,4770057679,"al-Qāhira","30.06263, 31.24967",1,1,"almjl0 alafryQy0"
NA,"المجلة الاستعمارية النيابية",NA,NA,4770057679,"al-Qāhira","30.06263, 31.24967",1,1,"almjl0 alast3mary0 alnyaby0"
NA,"المجلة التونسية",NA,NA,4770057679,"al-Qāhira","30.06263, 31.24967",1,1,"almjl0 altwnsy0"
NA,"المجلة التونسية",NA,NA,4770057679,"Dimashq","33.5102, 36.29128",1,1,"almjl0 altwnsy0"
NA,"المجلة الجرمانية الآسياوية",NA,NA,4770057679,"Dimashq","33.5102, 36.29128",1,1,"almjl0 aljrmany0 alasyawy0"
NA,"المجلة المدرسية",NA,NA,4770057679,"Dimashq","33.5102, 36.29128",1,1,"almjl0 almdrsy0"
NA,"المجلة المصرية",NA,NA,4770057679,"al-Qāhira","30.06263, 31.24967",1,1,"almjl0 almSry0"
NA,"المجلة الوردية",NA,NA,4770057679,"Dimashq","33.5102, 36.29128",1,1,"almjl0 alwrdy0"
NA,"المجمع الطبي البريطاني",NA,NA,4770057679,"Dimashq","33.5102, 36.29128",1,1,"almjm3 alTby albryTany"
NA,"المحروسة",NA,NA,4770057679,"Dimashq","33.5102, 36.29128",1,1,"alm7rws0"
NA,"المحيط",NA,NA,1588981,"al-Qāhira","30.06263, 31.24967",1,1,"alm7yT"
NA,"المرأة",NA,NA,4770057679,"Dimashq","33.5102, 36.29128",1,1,"almra0"
NA,"المراقب",NA,NA,1588981,"al-Qāhira","30.06263, 31.24967",1,1,"almraQb"
NA,"المراقب",NA,NA,4770057679,"Dimashq","33.5102, 36.29128",1,1,"almraQb"
NA,"المرج",NA,NA,4770057679,"Dimashq","33.5102, 36.29128",1,1,"almrj"
NA,"المرصد",NA,NA,1588981,"al-Qāhira","30.06263, 31.24967",1,1,"almrSd"
NA,"المسائل الدولية الاستعمارية",NA,NA,4770057679,"al-Qāhira","30.06263, 31.24967",1,1,"almsa5l aldwly0 alast3mary0"
NA,"المستر",NA,NA,1588981,"al-Qāhira","30.06263, 31.24967",1,1,"almstr"
NA,"المستشرقين",NA,NA,4770057679,"Dimashq","33.5102, 36.29128",1,1,"almstWrQyn"
NA,"المستقبل",NA,NA,4770057679,"Dimashq","33.5102, 36.29128",1,1,"almstQbl"
NA,"المصباح",NA,NA,472450345,"Baghdād","33.34058, 44.40088",1,1,"almSba7"
NA,"المصلحة",NA,NA,1588981,"al-Qāhira","30.06263, 31.24967",1,1,"almSl70"
NA,"المصوَّر",NA,NA,4770057679,"al-Qāhira","30.06263, 31.24967",1,1,"almSwَّr"
NA,"المضحكات",NA,NA,472450345,"Baghdād","33.34058, 44.40088",1,1,"almD7kat"
NA,"المعارف",NA,NA,644997575,"Dimashq","33.5102, 36.29128",1,1,"alm3arf"
NA,"المعلومات",NA,NA,1588981,"al-Qāhira","30.06263, 31.24967",1,1,"alm3lwmat"
NA,"المعين الاجتماعي",NA,NA,4770057679,"al-Qāhira","30.06263, 31.24967",1,1,"alm3yn alajtma3y"
NA,"المفيدة",NA,NA,4770057679,"Dimashq","33.5102, 36.29128",1,1,"almfyd0"
NA,"المقتبس اليومي",NA,NA,4770057679,"Dimashq","33.5102, 36.29128",1,1,"almQtbs alywmy"
NA,"المقطم",NA,NA,4770057679,"Dimashq","33.5102, 36.29128",1,1,"almQTm"
NA,"الملاجئ",NA,NA,1588981,"al-Qāhira","30.06263, 31.24967",1,1,"almlaj5"
NA,"المنتج",NA,NA,4770057679,"Dimashq","33.5102, 36.29128",1,1,"almntj"
NA,"المنتخبات",NA,NA,644997575,"Dimashq","33.5102, 36.29128",1,1,"almntKbat"
NA,"المنتدى الأدبي",NA,NA,472450345,"Baghdād","33.34058, 44.40088",1,1,"almntdA aladby"
NA,"المنهل الصافي",NA,NA,4770057679,"al-Qāhira","30.06263, 31.24967",1,1,"almnhl alSafy"
NA,"المهاجر",NA,NA,1588981,"al-Qāhira","30.06263, 31.24967",1,1,"almhajr"
NA,"المورد الصافي",NA,NA,4770057679,"Dimashq","33.5102, 36.29128",1,1,"almwrd alSafy"
NA,"المورنن بوست",NA,NA,4770057679,"Dimashq","33.5102, 36.29128",1,1,"almwrnn bwst"
NA,"المورنن ليدر",NA,NA,4770057679,"Dimashq","33.5102, 36.29128",1,1,"almwrnn lydr"
NA,"الموصل",NA,NA,4770057679,"Dimashq","33.5102, 36.29128",1,1,"almwSl"
NA,"الن",NA,NA,644997575,"Dimashq","33.5102, 36.29128",1,1,"aln"
NA,"النابتة",NA,NA,1588981,"al-Qāhira","30.06263, 31.24967",1,1,"alnabt0"
NA,"الناشئة",NA,NA,1588981,"al-Qāhira","30.06263, 31.24967",1,1,"alnaW50"
NA,"النبراس",NA,NA,4770057679,"al-Qāhira","30.06263, 31.24967",1,1,"alnbras"
NA,"النجاح",NA,NA,4770057679,"Dimashq","33.5102, 36.29128",1,1,"alnja7"
NA,"النخل",NA,NA,4770057679,"Dimashq","33.5102, 36.29128",1,1,"alnKl"
NA,"الندوة",NA,NA,1588981,"al-Qāhira","30.06263, 31.24967",1,1,"alndw0"
NA,"النديم",NA,NA,4770057679,"Dimashq","33.5102, 36.29128",1,1,"alndym"
NA,"النشرة",NA,NA,4770057679,"Dimashq","33.5102, 36.29128",1,1,"alnWr0"
NA,"النصيحة",NA,NA,1588981,"al-Qāhira","30.06263, 31.24967",1,1,"alnSy70"
NA,"النصير",NA,NA,644997575,"Dimashq","33.5102, 36.29128",1,1,"alnSyr"
NA,"النصير",NA,NA,4770057679,"Dimashq","33.5102, 36.29128",1,1,"alnSyr"
NA,"النظام",NA,NA,1588981,"al-Qāhira","30.06263, 31.24967",1,1,"alnZam"
NA,"النهضة",NA,NA,1588981,"al-Qāhira","30.06263, 31.24967",1,1,"alnhD0"
NA,"النوادر",NA,NA,472450345,"Baghdād","33.34058, 44.40088",1,1,"alnwadr"
NA,"النوافل",NA,NA,1588981,"al-Qāhira","30.06263, 31.24967",1,1,"alnwafl"
NA,"النيو النيوز اوف دي ورلد",NA,NA,4770057679,"Dimashq","33.5102, 36.29128",1,1,"alnyw alnywz awf dy wrld"
NA,"الهدايا",NA,NA,4770057679,"Dimashq","33.5102, 36.29128",1,1,"alhdaya"
NA,"الهداية",NA,NA,4770057679,"Dimashq","33.5102, 36.29128",1,1,"alhday0"
NA,"الهدي",NA,NA,1588981,"al-Qāhira","30.06263, 31.24967",1,1,"alhdy"
NA,"الهلال",NA,NA,472450345,"Baghdād","33.34058, 44.40088",1,1,"alhlal"
NA,"الهلال العثماني",NA,NA,644997575,"Dimashq","33.5102, 36.29128",1,1,"alhlal al3Umany"
NA,"الواء",NA,NA,1588981,"al-Qāhira","30.06263, 31.24967",1,1,"alwaq"
NA,"الوجدان",NA,NA,472450345,"Baghdād","33.34058, 44.40088",1,1,"alwjdan"
NA,"الوردية",NA,NA,4770057679,"Dimashq","33.5102, 36.29128",1,1,"alwrdy0"
NA,"الورقاء",NA,NA,4770057679,"Dimashq","33.5102, 36.29128",1,1,"alwrQaq"
NA,"الوطن",NA,NA,472450345,"Baghdād","33.34058, 44.40088",1,1,"alwTn"
NA,"الوطن","Bayrūt","33.88894, 35.49442",4770057679,"Dimashq","33.5102, 36.29128",1,1,"alwTn"
NA,"الوقائع",NA,NA,1588981,"al-Qāhira","30.06263, 31.24967",1,1,"alwQa53"
NA,"الوقائع",NA,NA,4770057679,"al-Qāhira","30.06263, 31.24967",1,1,"alwQa53"
NA,"الوقائع المصرية",NA,NA,4770057679,"al-Qāhira","30.06263, 31.24967",1,1,"alwQa53 almSry0"
NA,"الوقت",NA,NA,1588981,"al-Qāhira","30.06263, 31.24967",1,1,"alwQt"
NA,"الولاية",NA,NA,1588981,"al-Qāhira","30.06263, 31.24967",1,1,"alwlay0"
NA,"اليمن",NA,NA,4770057679,"Dimashq","33.5102, 36.29128",1,1,"alymn"
NA,"بالك",NA,NA,472450345,"Baghdād","33.34058, 44.40088",1,1,"balk"
NA,"بان",NA,NA,4770057679,"Dimashq","33.5102, 36.29128",1,1,"ban"
NA,"باونير",NA,NA,1588981,"al-Qāhira","30.06263, 31.24967",1,1,"bawnyr"
NA,"بنسلفانيا باكت",NA,NA,4770057679,"Dimashq","33.5102, 36.29128",1,1,"bnslfanya bakt"
NA,"بودابست هيرلاب",NA,NA,1588981,"al-Qāhira","30.06263, 31.24967",1,1,"bwdabst hyrlab"
NA,"بودابست هيرلات",NA,NA,1588981,"al-Qāhira","30.06263, 31.24967",1,1,"bwdabst hyrlat"
NA,"بيام",NA,NA,1588981,"al-Qāhira","30.06263, 31.24967",1,1,"byam"
NA,"بيان الحق",NA,NA,1588981,"al-Qāhira","30.06263, 31.24967",1,1,"byan al7Q"
NA,"پول مراقلينار ينه رهبر",NA,NA,4770057679,"Dimashq","33.5102, 36.29128",1,1,"pwl mraQlynar ynh rhbr"
NA,"تاريخ الأديان",NA,NA,4770057679,"Dimashq","33.5102, 36.29128",1,1,"taryK aladyan"
NA,"تدريسات ابتدائية مجموعة سي",NA,NA,4770057679,"Dimashq","33.5102, 36.29128",1,1,"tdrysat abtda5y0 mjmw30 sy"
NA,"ترجمان",NA,NA,4770057679,"Dimashq","33.5102, 36.29128",1,1,"trjman"
NA,"ترجمان حقيقت",NA,NA,4770057679,"Dimashq","33.5102, 36.29128",1,1,"trjman 7QyQt"
NA,"ترقي",NA,NA,4770057679,"Dimashq","33.5102, 36.29128",1,1,"trQy"
NA,"تصوف",NA,NA,4770057679,"Dimashq","33.5102, 36.29128",1,1,"tSwf"
NA,"تصوير أفكار",NA,NA,1588981,"al-Qāhira","30.06263, 31.24967",1,1,"tSwyr afkar"
NA,"تضمينات",NA,NA,4770057679,"Dimashq","33.5102, 36.29128",1,1,"tDmynat"
NA,"تعاون",NA,NA,472450345,"Baghdād","33.34058, 44.40088",1,1,"t3awn"
NA,"تفكر",NA,NA,472450345,"Baghdād","33.34058, 44.40088",1,1,"tfkr"
NA,"تقويم وقائع",NA,NA,4770057679,"Dimashq","33.5102, 36.29128",1,1,"tQwym wQa53"
NA,"تنظيمات",NA,NA,4770057679,"Dimashq","33.5102, 36.29128",1,1,"tnZymat"
NA,"تنوير الأفكار",NA,NA,472450345,"Baghdād","33.34058, 44.40088",1,1,"tnwyr alafkar"
NA,"تنوير الأفكار",NA,NA,4770057679,"Dimashq","33.5102, 36.29128",1,1,"tnwyr alafkar"
NA,"ثروت فتون",NA,NA,1588981,"al-Qāhira","30.06263, 31.24967",1,1,"Urwt ftwn"
NA,"جادالوز",NA,NA,4770057679,"Dimashq","33.5102, 36.29128",1,1,"jadalwz"
NA,"جانطة",NA,NA,4770057679,"Dimashq","33.5102, 36.29128",1,1,"janT0"
NA,"جبل عامل",NA,NA,472450345,"Baghdād","33.34058, 44.40088",1,1,"jbl 3aml"
NA,"جبل لبنان",NA,NA,4770057679,"Dimashq","33.5102, 36.29128",1,1,"jbl lbnan"
NA,"جريدة الحارس",NA,NA,4770057679,"Dimashq","33.5102, 36.29128",1,1,"jryd0 al7ars"
NA,"جريدة السلام",NA,NA,4770057679,"Dimashq","33.5102, 36.29128",1,1,"jryd0 alslam"
NA,"جريدة بيروت",NA,NA,4770057679,"Dimashq","33.5102, 36.29128",1,1,"jryd0 byrwt"
NA,"جريدة حوادث",NA,NA,4770057679,"Dimashq","33.5102, 36.29128",1,1,"jryd0 7wadU"
NA,"جريدة عدلية",NA,NA,4770057679,"Dimashq","33.5102, 36.29128",1,1,"jryd0 3dly0"
NA,"جريدة عسكرية",NA,NA,4770057679,"Dimashq","33.5102, 36.29128",1,1,"jryd0 3skry0"
NA,"جم",NA,NA,4770057679,"Dimashq","33.5102, 36.29128",1,1,"jm"
NA,"جهينة",NA,NA,472450345,"Baghdād","33.34058, 44.40088",1,1,"jhyn0"
NA,"جورنال بيروت",NA,NA,4770057679,"Dimashq","33.5102, 36.29128",1,1,"jwrnal byrwt"
NA,"جويش كرونكل",NA,NA,1588981,"al-Qāhira","30.06263, 31.24967",1,1,"jwyW krwnkl"
NA,"جيلاق",NA,NA,4770057679,"Dimashq","33.5102, 36.29128",1,1,"jylaQ"
NA,"حكمت",NA,NA,1588981,"al-Qāhira","30.06263, 31.24967",1,2,"7kmt"
NA,"حكمت",NA,NA,4770057679,"Dimashq","33.5102, 36.29128",1,1,"7kmt"
NA,"حلب",NA,NA,4770057679,"Dimashq","33.5102, 36.29128",1,1,"7lb"
NA,"حوادث",NA,NA,1588981,"al-Qāhira","30.06263, 31.24967",1,1,"7wadU"
NA,"حوادث الجمهور",NA,NA,4770057679,"Dimashq","33.5102, 36.29128",1,1,"7wadU aljmhwr"
NA,"خان جغان",NA,NA,472450345,"Baghdād","33.34058, 44.40088",1,1,"Kan jGan"
NA,"خان لذهب",NA,NA,472450345,"Baghdād","33.34058, 44.40088",1,1,"Kan lihb"
NA,"خردلة العلوم",NA,NA,472450345,"Baghdād","33.34058, 44.40088",1,1,"Krdl0 al3lwm"
NA,"دار الفنون",NA,NA,4770057679,"Dimashq","33.5102, 36.29128",1,1,"dar alfnwn"
NA,"دليل غواة الطوابع",NA,NA,4770057679,"Dimashq","33.5102, 36.29128",1,1,"dlyl Gwa0 alTwab3"
NA,"دوكير",NA,NA,1588981,"al-Qāhira","30.06263, 31.24967",1,1,"dwkyr"
NA,"دونيلا",NA,NA,472450345,"Baghdād","33.34058, 44.40088",1,1,"dwnyla"
NA,"دي هايف",NA,NA,1588981,"al-Qāhira","30.06263, 31.24967",1,1,"dy hayf"
NA,"دير القمر",NA,NA,472450345,"Baghdād","33.34058, 44.40088",1,1,"dyr alQmr"
NA,"رسالة موقوتة حربية",NA,NA,4770057679,"Dimashq","33.5102, 36.29128",1,1,"rsal0 mwQwt0 7rby0"
NA,"رسملي كتاب",NA,NA,4770057679,"Dimashq","33.5102, 36.29128",1,1,"rsmly ktab"
NA,"رعد",NA,NA,472450345,"Baghdād","33.34058, 44.40088",1,1,"r3d"
NA,"روسكي أصلوفا",NA,NA,1588981,"al-Qāhira","30.06263, 31.24967",1,1,"rwsky aSlwfa"
NA,"روضة المدارس",NA,NA,4770057679,"al-Qāhira","30.06263, 31.24967",1,1,"rwD0 almdars"
NA,"روضة المدارس",NA,NA,4770057679,"Dimashq","33.5102, 36.29128",1,1,"rwD0 almdars"
NA,"روضة المعارف",NA,NA,1588981,"al-Qāhira","30.06263, 31.24967",1,1,"rwD0 alm3arf"
NA,"روضة المعارف",NA,NA,4770057679,"Dimashq","33.5102, 36.29128",1,1,"rwD0 alm3arf"
NA,"روضه",NA,NA,472450345,"Baghdād","33.34058, 44.40088",1,1,"rwDh"
NA,"ريج",NA,NA,1588981,"al-Qāhira","30.06263, 31.24967",1,1,"ryj"
NA,"زنكفت",NA,NA,1588981,"al-Qāhira","30.06263, 31.24967",1,1,"znkft"
NA,"زهيرة بغداد",NA,NA,472450345,"Baghdād","33.34058, 44.40088",1,1,"zhyr0 bGdad"
NA,"سبيل الرشاد",NA,NA,472450345,"Baghdād","33.34058, 44.40088",1,1,"sbyl alrWad"
NA,"سبيل الرشاد",NA,NA,644997575,"Dimashq","33.5102, 36.29128",1,1,"sbyl alrWad"
NA,"سراج الأخبار",NA,NA,1588981,"al-Qāhira","30.06263, 31.24967",1,1,"sraj alaKbar"
NA,"سمير الصبا",NA,NA,4770057679,"Dimashq","33.5102, 36.29128",1,1,"smyr alSba"
NA,"سنين",NA,NA,4770057679,"Dimashq","33.5102, 36.29128",1,1,"snyn"
NA,"سورية",NA,NA,4770057679,"Dimashq","33.5102, 36.29128",1,1,"swry0"
NA,"سيف الحق",NA,NA,472450345,"Baghdād","33.34058, 44.40088",1,1,"syf al7Q"
NA,"شاهد الحقائق",NA,NA,1588981,"al-Qāhira","30.06263, 31.24967",1,1,"Wahd al7Qa5Q"
NA,"شمس المعارف",NA,NA,472450345,"Baghdād","33.34058, 44.40088",1,1,"Wms alm3arf"
NA,"شهبال",NA,NA,4770057679,"al-Qāhira","30.06263, 31.24967",1,1,"Whbal"
NA,"شهراء",NA,NA,4770057679,"Dimashq","33.5102, 36.29128",1,1,"Whraq"
NA,"شورا",NA,NA,4770057679,"al-Qāhira","30.06263, 31.24967",1,1,"Wwra"
NA,"شوراي أمت",NA,NA,4770057679,"Dimashq","33.5102, 36.29128",1,1,"Wwray amt"
NA,"صائب",NA,NA,472450345,"Baghdād","33.34058, 44.40088",1,1,"Sa5b"
NA,"صباح",NA,NA,1588981,"al-Qāhira","30.06263, 31.24967",1,1,"Sba7"
NA,"صحيفة نادي دار العلوم",NA,NA,4770057679,"Dimashq","33.5102, 36.29128",1,1,"S7yf0 nady dar al3lwm"
NA,"صداي ملت",NA,NA,1588981,"al-Qāhira","30.06263, 31.24967",1,1,"Sday mlt"
NA,"صدى الشهباء",NA,NA,4770057679,"Dimashq","33.5102, 36.29128",1,1,"SdA alWhbaq"
NA,"صدى بابل",NA,NA,472450345,"Baghdād","33.34058, 44.40088",1,1,"SdA babl"
NA,"صدى باريس الفرنسوية",NA,NA,472450345,"Baghdād","33.34058, 44.40088",1,1,"SdA barys alfrnswy0"
NA,"صراط مستقيم",NA,NA,4770057679,"Dimashq","33.5102, 36.29128",1,1,"SraT mstQym"
NA,"ضياء",NA,NA,4770057679,"Dimashq","33.5102, 36.29128",1,1,"Dyaq"
NA,"طبابت حاضرة",NA,NA,4770057679,"Dimashq","33.5102, 36.29128",1,1,"Tbabt 7aDr0"
NA,"طرابلس الغرب",NA,NA,4770057679,"Dimashq","33.5102, 36.29128",1,1,"Trabls alGrb"
NA,"عثمانلي رساملر جمعيتي غزته سي",NA,NA,4770057679,"Dimashq","33.5102, 36.29128",1,1,"3Umanly rsamlr jm3yty Gzth sy"
NA,"عصا موسى",NA,NA,472450345,"Baghdād","33.34058, 44.40088",1,1,"3Sa mwsA"
NA,"عصر",NA,NA,1588981,"al-Qāhira","30.06263, 31.24967",1,1,"3Sr"
NA,"عفريت",NA,NA,472450345,"Baghdād","33.34058, 44.40088",1,1,"3fryt"
NA,"علم النفس",NA,NA,4770057679,"Dimashq","33.5102, 36.29128",1,1,"3lm alnfs"
NA,"علمية أدبية تهذيبية",NA,NA,1588981,"al-Qāhira","30.06263, 31.24967",1,1,"3lmy0 adby0 thiyby0"
NA,"علوم اقتصادية واجتماعية مجموعة",NA,NA,4770057679,"Dimashq","33.5102, 36.29128",1,1,"3lwm aQtSady0 wajtma3y0 mjmw30"
NA,"علي كده",NA,NA,1588981,"al-Qāhira","30.06263, 31.24967",1,1,"3ly kdh"
NA,"علي كده أنستي تيوت غازت",NA,NA,1588981,"al-Qāhira","30.06263, 31.24967",1,1,"3ly kdh ansty tywt Gazt"
NA,"عليكدة إنستيتيوت غازت",NA,NA,1588981,"al-Qāhira","30.06263, 31.24967",1,1,"3lykd0 anstytywt Gazt"
NA,"غيديق",NA,NA,4770057679,"Dimashq","33.5102, 36.29128",1,1,"GydyQ"
NA,"فتاة الشرق",NA,NA,4770057679,"al-Qāhira","30.06263, 31.24967",1,1,"fta0 alWrQ"
NA,"فتاة لبنان",NA,NA,472450345,"Baghdād","33.34058, 44.40088",1,1,"fta0 lbnan"
NA,"فرنكفورت",NA,NA,4770057679,"Dimashq","33.5102, 36.29128",1,1,"frnkfwrt"
NA,"ففيرنوست",NA,NA,1588981,"al-Qāhira","30.06263, 31.24967",1,1,"ffyrnwst"
NA,"فيرنوست",NA,NA,1588981,"al-Qāhira","30.06263, 31.24967",1,1,"fyrnwst"
NA,"قادين",NA,NA,4770057679,"Dimashq","33.5102, 36.29128",1,1,"Qadyn"
NA,"قازان مخبري",NA,NA,4770057679,"Dimashq","33.5102, 36.29128",1,1,"Qazan mKbry"
NA,"قرة كوز",NA,NA,4770057679,"Dimashq","33.5102, 36.29128",1,1,"Qr0 kwz"
NA,"قره سنان",NA,NA,4770057679,"Dimashq","33.5102, 36.29128",1,1,"Qrh snan"
NA,"قلم",NA,NA,1588981,"al-Qāhira","30.06263, 31.24967",1,1,"Qlm"
NA,"قلم",NA,NA,4770057679,"Dimashq","33.5102, 36.29128",1,1,"Qlm"
NA,"قلنج",NA,NA,472450345,"Baghdād","33.34058, 44.40088",1,1,"Qlnj"
NA,"كرمه ونرمه",NA,NA,472450345,"Baghdād","33.34058, 44.40088",1,1,"krmh wnrmh"
NA,"كلمة حق",NA,NA,1588981,"al-Qāhira","30.06263, 31.24967",1,1,"klm0 7Q"
NA,"كمال",NA,NA,472450345,"Baghdād","33.34058, 44.40088",1,1,"kmal"
NA,"كوميديا",NA,NA,4770057679,"Dimashq","33.5102, 36.29128",1,1,"kwmydya"
NA,"لابريس",NA,NA,4770057679,"Dimashq","33.5102, 36.29128",1,1,"labrys"
NA,"لادي هوم جورنال",NA,NA,4770057679,"Dimashq","33.5102, 36.29128",1,1,"lady hwm jwrnal"
NA,"لاريفورم",NA,NA,1588981,"al-Qāhira","30.06263, 31.24967",1,1,"laryfwrm"
NA,"لاغير",NA,NA,472450345,"Baghdād","33.34058, 44.40088",1,1,"laGyr"
NA,"لاقتصاد الاجتماعي",NA,NA,4770057679,"al-Qāhira","30.06263, 31.24967",1,1,"laQtSad alajtma3y"
NA,"لاومانيته",NA,NA,4770057679,"Dimashq","33.5102, 36.29128",1,1,"lawmanyth"
NA,"لبنان",NA,NA,4770057679,"Dimashq","33.5102, 36.29128",1,1,"lbnan"
NA,"لديلي ميل",NA,NA,4770057679,"Dimashq","33.5102, 36.29128",1,1,"ldyly myl"
NA,"لسان",NA,NA,472450345,"Baghdād","33.34058, 44.40088",1,1,"lsan"
NA,"لسان الأمة",NA,NA,1588981,"al-Qāhira","30.06263, 31.24967",1,1,"lsan alam0"
NA,"لسان الحال",NA,NA,4770057679,"Dimashq","33.5102, 36.29128",1,1,"lsan al7al"
NA,"لسان الشرق",NA,NA,4770057679,"Dimashq","33.5102, 36.29128",1,1,"lsan alWrQ"
NA,"لسان الصدق",NA,NA,472450345,"Baghdād","33.34058, 44.40088",1,1,"lsan alSdQ"
NA,"لسان العرب",NA,NA,472450345,"Baghdād","33.34058, 44.40088",1,1,"lsan al3rb"
NA,"لسان العرب",NA,NA,4770057679,"Dimashq","33.5102, 36.29128",1,1,"lsan al3rb"
NA,"لطيف",NA,NA,4770057679,"Dimashq","33.5102, 36.29128",1,1,"lTyf"
NA,"لغة",NA,NA,472450345,"Baghdād","33.34058, 44.40088",1,1,"lG0"
NA,"لمقتبس",NA,NA,4770057679,"Dimashq","33.5102, 36.29128",1,1,"lmQtbs"
NA,"لمورنن ليدر",NA,NA,4770057679,"Dimashq","33.5102, 36.29128",1,1,"lmwrnn lydr"
NA,"لندن ثروت",NA,NA,1588981,"al-Qāhira","30.06263, 31.24967",1,1,"lndn Urwt"
NA,"لومانيتي",NA,NA,644997575,"Dimashq","33.5102, 36.29128",1,1,"lwmanyty"
NA,"مجلة الأحكام الشرعية",NA,NA,4770057679,"Dimashq","33.5102, 36.29128",1,1,"mjl0 ala7kam alWr3y0"
NA,"مجلة الأنتروبوس الإنسان",NA,NA,4770057679,"Dimashq","33.5102, 36.29128",1,1,"mjl0 alantrwbws alansan"
NA,"مجلة الإصلاح الاجتماعي",NA,NA,4770057679,"al-Qāhira","30.06263, 31.24967",1,1,"mjl0 alaSla7 alajtma3y"
NA,"مجلة الاجتماع الدولية",NA,NA,4770057679,"Dimashq","33.5102, 36.29128",1,1,"mjl0 alajtma3 aldwly0"
NA,"مجلة الاقتصاد الدولية",NA,NA,4770057679,"Dimashq","33.5102, 36.29128",1,1,"mjl0 alaQtSad aldwly0"
NA,"مجلة الاقتصاديين",NA,NA,4770057679,"Dimashq","33.5102, 36.29128",1,1,"mjl0 alaQtSadyyn"
NA,"مجلة التعليم الدولية",NA,NA,4770057679,"Dimashq","33.5102, 36.29128",1,1,"mjl0 alt3lym aldwly0"
NA,"مجلة الحقائق والتلفيق",NA,NA,644997575,"Dimashq","33.5102, 36.29128",1,1,"mjl0 al7Qa5Q waltlfyQ"
NA,"مجلة الشتاء",NA,NA,4770057679,"al-Qāhira","30.06263, 31.24967",1,1,"mjl0 alWtaq"
NA,"مجلة الشرق",NA,NA,4770057679,"Dimashq","33.5102, 36.29128",1,1,"mjl0 alWrQ"
NA,"مجلة الطبيعة الفرنسية",NA,NA,4770057679,"al-Qāhira","30.06263, 31.24967",1,1,"mjl0 alTby30 alfrnsy0"
NA,"مجلة العالمين",NA,NA,4770057679,"Dimashq","33.5102, 36.29128",1,1,"mjl0 al3almyn"
NA,"مجلة العلم",NA,NA,4770057679,"Dimashq","33.5102, 36.29128",1,1,"mjl0 al3lm"
NA,"مجلة العوام",NA,NA,4770057679,"Dimashq","33.5102, 36.29128",1,1,"mjl0 al3wam"
NA,"مجلة القرن التاسع عشر",NA,NA,4770057679,"al-Qāhira","30.06263, 31.24967",1,1,"mjl0 alQrn altas3 3Wr"
NA,"مجلة اللجنة الأميركية الشرقية",NA,NA,472450345,"Baghdād","33.34058, 44.40088",1,1,"mjl0 alljn0 alamyrky0 alWrQy0"
NA,"مجلة المباحث",NA,NA,4770057679,"Dimashq","33.5102, 36.29128",1,1,"mjl0 almba7U"
NA,"مجلة الملكية",NA,NA,4770057679,"Dimashq","33.5102, 36.29128",1,1,"mjl0 almlky0"
NA,"مجلة المنتدى الأدبي",NA,NA,4770057679,"Dimashq","33.5102, 36.29128",1,1,"mjl0 almntdA aladby"
NA,"مجلة المورد الصافي",NA,NA,4770057679,"Dimashq","33.5102, 36.29128",1,1,"mjl0 almwrd alSafy"
NA,"مجلة الن س العصرية",NA,NA,644997575,"Dimashq","33.5102, 36.29128",1,1,"mjl0 aln s al3Sry0"
NA,"مجلة انتربية",NA,NA,4770057679,"Dimashq","33.5102, 36.29128",1,1,"mjl0 antrby0"
NA,"مجلة جمعية الملاجئ العباسية ومكارم الأخلاق الإسلامية",NA,NA,4770057679,"al-Qāhira","30.06263, 31.24967",1,1,"mjl0 jm3y0 almlaj5 al3basy0 wmkarm alaKlaQ alaslamy0"
NA,"مجلة عرفات",NA,NA,4770057679,"al-Qāhira","30.06263, 31.24967",1,1,"mjl0 3rfat"
NA,"مجلة علم الاجتماع الدولية",NA,NA,4770057679,"al-Qāhira","30.06263, 31.24967",1,1,"mjl0 3lm alajtma3 aldwly0"
NA,"مجلة مستندات الترقي",NA,NA,4770057679,"al-Qāhira","30.06263, 31.24967",1,1,"mjl0 mstndat altrQy"
NA,"مجلة مصر والشرق الفرنسية",NA,NA,4770057679,"al-Qāhira","30.06263, 31.24967",1,1,"mjl0 mSr walWrQ alfrnsy0"
NA,"مجلة مطالعاتنا في البيوت",NA,NA,4770057679,"Dimashq","33.5102, 36.29128",1,1,"mjl0 mTal3atna fy albywt"
NA,"مجلس",NA,NA,1588981,"al-Qāhira","30.06263, 31.24967",1,1,"mjls"
NA,"مجموعة أبو الضيا",NA,NA,4770057679,"Dimashq","33.5102, 36.29128",1,1,"mjmw30 abw alDya"
NA,"مخزن علوم",NA,NA,4770057679,"Dimashq","33.5102, 36.29128",1,1,"mKzn 3lwm"
NA,"مرآة الغرب",NA,NA,1588981,"al-Qāhira","30.06263, 31.24967",1,1,"mra0 alGrb"
NA,"مسامرات الشعب",NA,NA,4770057679,"al-Qāhira","30.06263, 31.24967",1,1,"msamrat alW3b"
NA,"مستندات الترقي",NA,NA,4770057679,"Dimashq","33.5102, 36.29128",1,1,"mstndat altrQy"
NA,"مشرق",NA,NA,4770057679,"Dimashq","33.5102, 36.29128",1,1,"mWrQ"
NA,"مشورت",NA,NA,1588981,"al-Qāhira","30.06263, 31.24967",1,1,"mWwrt"
NA,"مصبح الشرق",NA,NA,472450345,"Baghdād","33.34058, 44.40088",1,1,"mSb7 alWrQ"
NA,"مطالعات البيوت",NA,NA,4770057679,"Dimashq","33.5102, 36.29128",1,1,"mTal3at albywt"
NA,"مطالعاتنا في البيوت",NA,NA,4770057679,"Dimashq","33.5102, 36.29128",1,1,"mTal3atna fy albywt"
NA,"مطالعاتنا في بيوتنا",NA,NA,4770057679,"Dimashq","33.5102, 36.29128",1,1,"mTal3atna fy bywtna"
NA,"معلومات",NA,NA,1588981,"al-Qāhira","30.06263, 31.24967",1,1,"m3lwmat"
NA,"مقتبس",NA,NA,644997575,"Dimashq","33.5102, 36.29128",1,1,"mQtbs"
NA,"مقتطف",NA,NA,4770057679,"al-Qāhira","30.06263, 31.24967",1,1,"mQtTf"
NA,"ملكية",NA,NA,4770057679,"Dimashq","33.5102, 36.29128",1,1,"mlky0"
NA,"مودا ملكه سي",NA,NA,4770057679,"Dimashq","33.5102, 36.29128",1,1,"mwda mlkh sy"
NA,"نبر إست",NA,NA,1588981,"al-Qāhira","30.06263, 31.24967",1,1,"nbr ast"
NA,"نجف",NA,NA,472450345,"Baghdād","33.34058, 44.40088",1,1,"njf"
NA,"نفكر",NA,NA,472450345,"Baghdād","33.34058, 44.40088",1,1,"nfkr"
NA,"نوفيه فريمه",NA,NA,1588981,"al-Qāhira","30.06263, 31.24967",1,1,"nwfyh frymh"
NA,"نيويورك هرالد",NA,NA,4770057679,"Dimashq","33.5102, 36.29128",1,1,"nywywrk hrald"
NA,"هنديا شريكت",NA,NA,1588981,"al-Qāhira","30.06263, 31.24967",1,1,"hndya Wrykt"
NA,"وادي النيل",NA,NA,4770057679,"Dimashq","33.5102, 36.29128",1,1,"wady alnyl"
NA,"وبرلاندأوندماير",NA,NA,1588981,"al-Qāhira","30.06263, 31.24967",1,1,"wbrlandawndmayr"
NA,"وجدان",NA,NA,472450345,"Baghdād","33.34058, 44.40088",1,1,"wjdan"
NA,"وقت",NA,NA,4770057679,"al-Qāhira","30.06263, 31.24967",1,1,"wQt"
NA,"وولقان",NA,NA,1588981,"al-Qāhira","30.06263, 31.24967",1,1,"wwlQan"
NA,"يكي إقدام",NA,NA,4770057679,"Dimashq","33.5102, 36.29128",1,1,"yky aQdam"
NA,"يكي تصوير أفكار",NA,NA,1588981,"al-Qāhira","30.06263, 31.24967",1,1,"yky tSwyr afkar"
NA,"يكي تصوير أفكار",NA,NA,4770057679,"Dimashq","33.5102, 36.29128",1,1,"yky tSwyr afkar"
NA,"يكي غزته",NA,NA,1588981,"al-Qāhira","30.06263, 31.24967",1,1,"yky Gzth"
NA,"يكي كوه زه",NA,NA,4770057679,"Dimashq","33.5102, 36.29128",1,1,"yky kwh zh"
NA,"يكي محيط المعارف غزته صي غزته سي",NA,NA,4770057679,"Dimashq","33.5102, 36.29128",1,1,"yky m7yT alm3arf Gzth Sy Gzth sy"
NA,"يكي موده",NA,NA,472450345,"Baghdād","33.34058, 44.40088",1,1,"yky mwdh"
NA,"يلديرم بين النهرين",NA,NA,472450345,"Baghdād","33.34058, 44.40088",1,1,"yldyrm byn alnhryn"
NA,"يني غزته",NA,NA,1588981,"al-Qāhira","30.06263, 31.24967",1,1,"yny Gzth"
NA,"اقتصاد",NA,NA,1588981,"al-Qāhira","30.06263, 31.24967",0,1,"aQtSad"
NA,"البحرية",NA,NA,1588981,"al-Qāhira","30.06263, 31.24967",0,1,"alb7ry0"
NA,"الحزب",NA,NA,1588981,"al-Qāhira","30.06263, 31.24967",0,1,"al7zb"
NA,"الرئيس",NA,NA,1588981,"al-Qāhira","30.06263, 31.24967",0,1,"alr5ys"
NA,"الشتاء",NA,NA,1588981,"al-Qāhira","30.06263, 31.24967",0,1,"alWtaq"
NA,"القبس",NA,NA,4770057679,"Dimashq","33.5102, 36.29128",0,1,"alQbs"
NA,"الكوثر",NA,NA,472450345,"Baghdād","33.34058, 44.40088",0,1,"alkwUr"
NA,"تنوير",NA,NA,472450345,"Baghdād","33.34058, 44.40088",0,1,"tnwyr"
