"source.title","source.id.oclc","source.id.oape","source.date","source.volume","source.issue","source.location.name","source.location.id.oape","source.location.coordinates","target.title","target.title.original","target.title.transcribed","target.language","target.id.oclc","target.id.oape","target.location.name","target.location.coordinates","article.count"
"al-Manār",1588981,2,1904-08-01,"10","1","al-Qāhira",226,"30.06263, 31.24967","الأخبار","الأخبار","الأخبار",NA,NA,NA,NA,NA,1
"al-Manār",1588981,2,1904-08-01,"10","1","al-Qāhira",226,"30.06263, 31.24967","الحكومة","الحكومة","الحكومة",NA,NA,NA,NA,NA,1
"al-Manār",1588981,2,1904-08-01,"10","1","al-Qāhira",226,"30.06263, 31.24967","العجائب","العجائب","العجائب",NA,NA,NA,NA,NA,1
"al-Manār",1588981,2,1904-08-01,"10","1","al-Qāhira",226,"30.06263, 31.24967","اللواء","اللواء","اللواء",NA,NA,NA,NA,NA,2
"al-Manār",1588981,2,1904-08-01,"10","1","al-Qāhira",226,"30.06263, 31.24967","لسان الأمة","لسان الأمة","لسان الأمة",NA,NA,NA,NA,NA,1
"al-Manār",1588981,2,1904-08-01,"10","10","al-Qāhira",226,"30.06263, 31.24967","الاجتهاد","الاجتهاد","الاجتهاد",NA,NA,NA,NA,NA,1
"al-Manār",1588981,2,1904-08-01,"10","10","al-Qāhira",226,"30.06263, 31.24967","البيان","البيان","al-Bayān","ar",792754974,11,"al-Qāhira","30.06263, 31.24967",1
"al-Manār",1588981,2,1904-08-01,"10","10","al-Qāhira",226,"30.06263, 31.24967","الزهرة","الزهرة","الزهرة",NA,NA,NA,NA,NA,1
"al-Manār",1588981,2,1904-08-01,"10","10","al-Qāhira",226,"30.06263, 31.24967","الظاهر","الظاهر","الظاهر",NA,NA,NA,NA,NA,1
"al-Manār",1588981,2,1904-08-01,"10","10","al-Qāhira",226,"30.06263, 31.24967","اللواء","اللواء","اللواء",NA,NA,NA,NA,NA,1
"al-Manār",1588981,2,1904-08-01,"10","10","al-Qāhira",226,"30.06263, 31.24967","المفتاح","المفتاح","المفتاح",NA,NA,NA,NA,NA,1
"al-Manār",1588981,2,1904-08-01,"10","10","al-Qāhira",226,"30.06263, 31.24967","المنار","المنار","al-Manār","ar",1588981,2,"al-Qāhira","30.06263, 31.24967",4
"al-Manār",1588981,2,1904-08-01,"10","10","al-Qāhira",226,"30.06263, 31.24967","المنبر","المنبر","المنبر",NA,NA,NA,NA,NA,1
"al-Manār",1588981,2,1904-08-01,"10","10","al-Qāhira",226,"30.06263, 31.24967","الهدى","الهدى","الهدى",NA,NA,NA,NA,NA,1
"al-Manār",1588981,2,1904-08-01,"10","11","al-Qāhira",226,"30.06263, 31.24967","اللواء","اللواء","اللواء",NA,NA,NA,NA,NA,1
"al-Manār",1588981,2,1904-08-01,"10","11","al-Qāhira",226,"30.06263, 31.24967","المنار","المنار","al-Manār","ar",1588981,2,"al-Qāhira","30.06263, 31.24967",3
"al-Manār",1588981,2,1904-08-01,"10","11","al-Qāhira",226,"30.06263, 31.24967","تربيت","تربيت","تربيت",NA,NA,NA,NA,NA,1
"al-Manār",1588981,2,1904-08-01,"10","12","al-Qāhira",226,"30.06263, 31.24967","اطلاع","اطلاع","اطلاع",NA,NA,NA,NA,NA,1
"al-Manār",1588981,2,1904-08-01,"10","12","al-Qāhira",226,"30.06263, 31.24967","الراوي","الراوي","الراوي",NA,NA,NA,NA,NA,1
"al-Manār",1588981,2,1904-08-01,"10","12","al-Qāhira",226,"30.06263, 31.24967","الصور","الصور","الصور",NA,NA,NA,NA,NA,1
"al-Manār",1588981,2,1904-08-01,"10","12","al-Qāhira",226,"30.06263, 31.24967","اللواء","اللواء","اللواء",NA,NA,NA,NA,NA,2
"al-Manār",1588981,2,1904-08-01,"10","12","al-Qāhira",226,"30.06263, 31.24967","المنار","المنار","al-Manār","ar",1588981,2,"al-Qāhira","30.06263, 31.24967",5
"al-Manār",1588981,2,1904-08-01,"10","12","al-Qāhira",226,"30.06263, 31.24967","تربيت","تربيت","تربيت",NA,NA,NA,NA,NA,2
"al-Manār",1588981,2,1904-08-01,"10","2","al-Qāhira",226,"30.06263, 31.24967","الأهرام","الأهرام","الأهرام",NA,NA,NA,NA,NA,1
"al-Manār",1588981,2,1904-08-01,"10","2","al-Qāhira",226,"30.06263, 31.24967","الجامعة","الجامعة","al-Jāmiʿ","ar",1034547407,8,"Alexandria","31.20176, 29.91582",1
"al-Manār",1588981,2,1904-08-01,"10","2","al-Qāhira",226,"30.06263, 31.24967","المؤيد","المؤيد","al-Muʾayyad","ar",792755902,25,"al-Qāhira","30.06263, 31.24967",2
"al-Manār",1588981,2,1904-08-01,"10","2","al-Qāhira",226,"30.06263, 31.24967","المجلات","المجلات","المجلات",NA,NA,NA,NA,NA,1
"al-Manār",1588981,2,1904-08-01,"10","3","al-Qāhira",226,"30.06263, 31.24967","الإسترن","الإسترن","الإسترن",NA,NA,NA,NA,NA,1
"al-Manār",1588981,2,1904-08-01,"10","3","al-Qāhira",226,"30.06263, 31.24967","الايكو","الايكو","الايكو",NA,NA,NA,NA,NA,1
"al-Manār",1588981,2,1904-08-01,"10","3","al-Qāhira",226,"30.06263, 31.24967","المنار","المنار","al-Manār","ar",1588981,2,"al-Qāhira","30.06263, 31.24967",3
"al-Manār",1588981,2,1904-08-01,"10","3","al-Qāhira",226,"30.06263, 31.24967","لندن ثروت","لندن ثروت","لندن ثروت",NA,NA,NA,NA,NA,1
"al-Manār",1588981,2,1904-08-01,"10","3","al-Qāhira",226,"30.06263, 31.24967","وقت","وقت","وقت",NA,NA,NA,NA,NA,1
"al-Manār",1588981,2,1904-08-01,"10","4","al-Qāhira",226,"30.06263, 31.24967","الإنسانية","الإنسانية","الإنسانية",NA,NA,NA,NA,NA,1
"al-Manār",1588981,2,1904-08-01,"10","4","al-Qāhira",226,"30.06263, 31.24967","الحكومة","الحكومة","الحكومة",NA,NA,NA,NA,NA,1
"al-Manār",1588981,2,1904-08-01,"10","4","al-Qāhira",226,"30.06263, 31.24967","اللواء","اللواء","اللواء",NA,NA,NA,NA,NA,1
"al-Manār",1588981,2,1904-08-01,"10","4","al-Qāhira",226,"30.06263, 31.24967","المؤيد","المؤيد","al-Muʾayyad","ar",792755902,25,"al-Qāhira","30.06263, 31.24967",1
"al-Manār",1588981,2,1904-08-01,"10","4","al-Qāhira",226,"30.06263, 31.24967","المقتطف","المقتطف","al-Muqtaṭaf","ar",931941685,5,"Bayrūt","33.88894, 35.49442",1
"al-Manār",1588981,2,1904-08-01,"10","5","al-Qāhira",226,"30.06263, 31.24967","الأخبار","الأخبار","الأخبار",NA,NA,NA,NA,NA,1
"al-Manār",1588981,2,1904-08-01,"10","5","al-Qāhira",226,"30.06263, 31.24967","الأهرام","الأهرام","الأهرام",NA,NA,NA,NA,NA,1
"al-Manār",1588981,2,1904-08-01,"10","5","al-Qāhira",226,"30.06263, 31.24967","الجوائب","الجوائب","الجوائب",NA,NA,NA,NA,NA,1
"al-Manār",1588981,2,1904-08-01,"10","5","al-Qāhira",226,"30.06263, 31.24967","الحياة",NA,NA,NA,NA,NA,NA,NA,1
"al-Manār",1588981,2,1904-08-01,"10","5","al-Qāhira",226,"30.06263, 31.24967","القرن","القرن","القرن",NA,NA,NA,NA,NA,1
"al-Manār",1588981,2,1904-08-01,"10","5","al-Qāhira",226,"30.06263, 31.24967","اللواء","اللواء","اللواء",NA,NA,NA,NA,NA,1
"al-Manār",1588981,2,1904-08-01,"10","5","al-Qāhira",226,"30.06263, 31.24967","المؤيد","المؤيد","al-Muʾayyad","ar",792755902,25,"al-Qāhira","30.06263, 31.24967",2
"al-Manār",1588981,2,1904-08-01,"10","5","al-Qāhira",226,"30.06263, 31.24967","المقطم","المقطم","المقطم",NA,NA,NA,NA,NA,1
"al-Manār",1588981,2,1904-08-01,"10","5","al-Qāhira",226,"30.06263, 31.24967","المنار","المنار","al-Manār","ar",1588981,2,"al-Qāhira","30.06263, 31.24967",4
"al-Manār",1588981,2,1904-08-01,"10","5","al-Qāhira",226,"30.06263, 31.24967","وقت","وقت","وقت",NA,NA,NA,NA,NA,1
"al-Manār",1588981,2,1904-08-01,"10","6","al-Qāhira",226,"30.06263, 31.24967","الحياة",NA,NA,NA,NA,NA,NA,NA,0
"al-Manār",1588981,2,1904-08-01,"10","6","al-Qāhira",226,"30.06263, 31.24967","العجائب","العجائب","العجائب",NA,NA,NA,NA,NA,1
"al-Manār",1588981,2,1904-08-01,"10","6","al-Qāhira",226,"30.06263, 31.24967","اللواء","اللواء","اللواء",NA,NA,NA,NA,NA,0
"al-Manār",1588981,2,1904-08-01,"10","6","al-Qāhira",226,"30.06263, 31.24967","المنار","المنار","al-Manār","ar",1588981,2,"al-Qāhira","30.06263, 31.24967",3
"al-Manār",1588981,2,1904-08-01,"10","7","al-Qāhira",226,"30.06263, 31.24967","اللواء","اللواء","اللواء",NA,NA,NA,NA,NA,2
"al-Manār",1588981,2,1904-08-01,"10","7","al-Qāhira",226,"30.06263, 31.24967","المؤيد","المؤيد","al-Muʾayyad","ar",792755902,25,"al-Qāhira","30.06263, 31.24967",1
"al-Manār",1588981,2,1904-08-01,"10","7","al-Qāhira",226,"30.06263, 31.24967","المقتبس","المقتبس","al-Muqtabas","ar",4770057679,9,"al-Qāhira","30.06263, 31.24967",1
"al-Manār",1588981,2,1904-08-01,"10","8","al-Qāhira",226,"30.06263, 31.24967","اللواء","اللواء","اللواء",NA,NA,NA,NA,NA,1
"al-Manār",1588981,2,1904-08-01,"10","9","al-Qāhira",226,"30.06263, 31.24967","اجتهاد","اجتهاد","اجتهاد",NA,NA,NA,NA,NA,1
"al-Manār",1588981,2,1904-08-01,"10","9","al-Qāhira",226,"30.06263, 31.24967","الأحكام","الأحكام","الأحكام",NA,NA,NA,NA,NA,1
"al-Manār",1588981,2,1904-08-01,"10","9","al-Qāhira",226,"30.06263, 31.24967","التهذيب","التهذيب","التهذيب",NA,NA,NA,NA,NA,1
"al-Manār",1588981,2,1904-08-01,"10","9","al-Qāhira",226,"30.06263, 31.24967","العروة","العروة","العروة",NA,NA,NA,NA,NA,1
"al-Manār",1588981,2,1904-08-01,"10","9","al-Qāhira",226,"30.06263, 31.24967","اللواء","اللواء","اللواء",NA,NA,NA,NA,NA,1
"al-Manār",1588981,2,1904-08-01,"10","9","al-Qāhira",226,"30.06263, 31.24967","المؤيد","المؤيد","al-Muʾayyad","ar",792755902,25,"al-Qāhira","30.06263, 31.24967",1
"al-Manār",1588981,2,1904-08-01,"10","9","al-Qāhira",226,"30.06263, 31.24967","المفتاح","المفتاح","المفتاح",NA,NA,NA,NA,NA,1
"al-Manār",1588981,2,1904-08-01,"10","9","al-Qāhira",226,"30.06263, 31.24967","المقتطف","المقتطف","al-Muqtaṭaf","ar",931941685,5,"Bayrūt","33.88894, 35.49442",1
"al-Manār",1588981,2,1904-08-01,"10","9","al-Qāhira",226,"30.06263, 31.24967","المنار","المنار","al-Manār","ar",1588981,2,"al-Qāhira","30.06263, 31.24967",3
"al-Manār",1588981,2,1904-08-01,"10","9","al-Qāhira",226,"30.06263, 31.24967","المنبر","المنبر","المنبر",NA,NA,NA,NA,NA,1
"al-Manār",1588981,2,1904-08-01,"10","9","al-Qāhira",226,"30.06263, 31.24967","حكمت","حكمت","حكمت",NA,NA,NA,NA,NA,1
"al-Manār",1588981,2,1904-08-01,"11","1","al-Qāhira",226,"30.06263, 31.24967","التيمس","The Times","The Times","en",992611467,26,"London","51.50853, -0.12574",0
"al-Manār",1588981,2,1904-08-01,"11","1","al-Qāhira",226,"30.06263, 31.24967","الكوارترلي","الكوارترلي","الكوارترلي",NA,NA,NA,NA,NA,1
"al-Manār",1588981,2,1904-08-01,"11","1","al-Qāhira",226,"30.06263, 31.24967","اللواء","اللواء","اللواء",NA,NA,NA,NA,NA,1
"al-Manār",1588981,2,1904-08-01,"11","10","al-Qāhira",226,"30.06263, 31.24967","استقبال","استقبال","استقبال",NA,NA,NA,NA,NA,1
"al-Manār",1588981,2,1904-08-01,"11","10","al-Qāhira",226,"30.06263, 31.24967","الأهرام","الأهرام","الأهرام",NA,NA,NA,NA,NA,1
"al-Manār",1588981,2,1904-08-01,"11","10","al-Qāhira",226,"30.06263, 31.24967","الديبا","الديبا","الديبا",NA,NA,NA,NA,NA,1
"al-Manār",1588981,2,1904-08-01,"11","10","al-Qāhira",226,"30.06263, 31.24967","الطان","Le Temps","Le Temps","fr",263593774,21,"Paris","48.85341, 2.3488",1
"al-Manār",1588981,2,1904-08-01,"11","10","al-Qāhira",226,"30.06263, 31.24967","المرصد","المرصد","المرصد",NA,NA,NA,NA,NA,1
"al-Manār",1588981,2,1904-08-01,"11","10","al-Qāhira",226,"30.06263, 31.24967","المنار","المنار","al-Manār","ar",1588981,2,"al-Qāhira","30.06263, 31.24967",2
"al-Manār",1588981,2,1904-08-01,"11","10","al-Qāhira",226,"30.06263, 31.24967","حوادث","حوادث","حوادث",NA,NA,NA,NA,NA,1
"al-Manār",1588981,2,1904-08-01,"11","10","al-Qāhira",226,"30.06263, 31.24967","مشورت","مشورت","مشورت",NA,NA,NA,NA,NA,1
"al-Manār",1588981,2,1904-08-01,"11","11","al-Qāhira",226,"30.06263, 31.24967","ترقي","ترقي","ترقي",NA,NA,NA,NA,NA,1
"al-Manār",1588981,2,1904-08-01,"11","11","al-Qāhira",226,"30.06263, 31.24967","عصر","عصر","عصر",NA,NA,NA,NA,NA,1
"al-Manār",1588981,2,1904-08-01,"11","12","al-Qāhira",226,"30.06263, 31.24967","أدبية اجتماعية لصاحبتها ومحررتها ملكة سعد","أدبية اجتماعية لصاحبتها ومحررتها ملكة سعد","أدبية اجتماعية لصاحبتها ومحررتها ملكة سعد",NA,NA,NA,NA,NA,1
"al-Manār",1588981,2,1904-08-01,"11","12","al-Qāhira",226,"30.06263, 31.24967","اجتهاد","اجتهاد","اجتهاد",NA,NA,NA,NA,NA,1
"al-Manār",1588981,2,1904-08-01,"11","12","al-Qāhira",226,"30.06263, 31.24967","الاتحاد","الاتحاد","الاتحاد",NA,NA,NA,NA,NA,3
"al-Manār",1588981,2,1904-08-01,"11","12","al-Qāhira",226,"30.06263, 31.24967","الحكومة","الحكومة","الحكومة",NA,NA,NA,NA,NA,1
"al-Manār",1588981,2,1904-08-01,"11","12","al-Qāhira",226,"30.06263, 31.24967","المحيط","المحيط","المحيط",NA,NA,NA,NA,NA,1
"al-Manār",1588981,2,1904-08-01,"11","12","al-Qāhira",226,"30.06263, 31.24967","المنار","المنار","al-Manār","ar",1588981,2,"al-Qāhira","30.06263, 31.24967",2
"al-Manār",1588981,2,1904-08-01,"11","12","al-Qāhira",226,"30.06263, 31.24967","وطن","وطن","وطن",NA,NA,NA,NA,NA,1
"al-Manār",1588981,2,1904-08-01,"11","2","al-Qāhira",226,"30.06263, 31.24967","مرآة الغرب","مرآة الغرب","مرآة الغرب",NA,NA,NA,NA,NA,1
"al-Manār",1588981,2,1904-08-01,"11","3","al-Qāhira",226,"30.06263, 31.24967","الأهرام","الأهرام","الأهرام",NA,NA,NA,NA,NA,1
"al-Manār",1588981,2,1904-08-01,"11","3","al-Qāhira",226,"30.06263, 31.24967","الحكومة","الحكومة","الحكومة",NA,NA,NA,NA,NA,1
"al-Manār",1588981,2,1904-08-01,"11","4","al-Qāhira",226,"30.06263, 31.24967","الديلي","الديلي","الديلي",NA,NA,NA,NA,NA,1
"al-Manār",1588981,2,1904-08-01,"11","4","al-Qāhira",226,"30.06263, 31.24967","اللواء","اللواء","اللواء",NA,NA,NA,NA,NA,1
"al-Manār",1588981,2,1904-08-01,"11","4","al-Qāhira",226,"30.06263, 31.24967","المنار","المنار","al-Manār","ar",1588981,2,"al-Qāhira","30.06263, 31.24967",1
"al-Manār",1588981,2,1904-08-01,"11","5","al-Qāhira",226,"30.06263, 31.24967","اللواء","اللواء","اللواء",NA,NA,NA,NA,NA,1
"al-Manār",1588981,2,1904-08-01,"11","6","al-Qāhira",226,"30.06263, 31.24967","الزوج","الزوج","الزوج",NA,NA,NA,NA,NA,1
"al-Manār",1588981,2,1904-08-01,"11","6","al-Qāhira",226,"30.06263, 31.24967","المنار","المنار","al-Manār","ar",1588981,2,"al-Qāhira","30.06263, 31.24967",2
"al-Manār",1588981,2,1904-08-01,"11","7","al-Qāhira",226,"30.06263, 31.24967","الإمام","الإمام","الإمام",NA,NA,NA,NA,NA,1
"al-Manār",1588981,2,1904-08-01,"11","7","al-Qāhira",226,"30.06263, 31.24967","التذكرة","التذكرة","التذكرة",NA,NA,NA,NA,NA,1
"al-Manār",1588981,2,1904-08-01,"11","7","al-Qāhira",226,"30.06263, 31.24967","المقتبس","المقتبس","al-Muqtabas","ar",4770057679,9,"al-Qāhira","30.06263, 31.24967",1
"al-Manār",1588981,2,1904-08-01,"11","7","al-Qāhira",226,"30.06263, 31.24967","المنار","المنار","al-Manār","ar",1588981,2,"al-Qāhira","30.06263, 31.24967",4
"al-Manār",1588981,2,1904-08-01,"11","7","al-Qāhira",226,"30.06263, 31.24967","النصيحة","النصيحة","النصيحة",NA,NA,NA,NA,NA,1
"al-Manār",1588981,2,1904-08-01,"11","8","al-Qāhira",226,"30.06263, 31.24967","المنار","المنار","al-Manār","ar",1588981,2,"al-Qāhira","30.06263, 31.24967",1
"al-Manār",1588981,2,1904-08-01,"11","8","al-Qāhira",226,"30.06263, 31.24967","قلم","قلم","قلم",NA,NA,NA,NA,NA,1
"al-Manār",1588981,2,1904-08-01,"11","9","al-Qāhira",226,"30.06263, 31.24967","الحياة",NA,NA,NA,NA,NA,NA,NA,1
"al-Manār",1588981,2,1904-08-01,"11","9","al-Qāhira",226,"30.06263, 31.24967","الدستور","الدستور","الدستور",NA,NA,NA,NA,NA,1
"al-Manār",1588981,2,1904-08-01,"11","9","al-Qāhira",226,"30.06263, 31.24967","اللواء","اللواء","اللواء",NA,NA,NA,NA,NA,1
"al-Manār",1588981,2,1904-08-01,"11","9","al-Qāhira",226,"30.06263, 31.24967","النظام","النظام","النظام",NA,NA,NA,NA,NA,1
"al-Manār",1588981,2,1904-08-01,"11","9","al-Qāhira",226,"30.06263, 31.24967","ريج","ريج","ريج",NA,NA,NA,NA,NA,1
"al-Manār",1588981,2,1904-08-01,"11","9","al-Qāhira",226,"30.06263, 31.24967","علمية أدبية تهذيبية","علمية أدبية تهذيبية","علمية أدبية تهذيبية",NA,NA,NA,NA,NA,1
"al-Manār",1588981,2,1904-08-01,"11","9","al-Qāhira",226,"30.06263, 31.24967","وقت","وقت","وقت",NA,NA,NA,NA,NA,1
"al-Manār",1588981,2,1904-08-01,"12","1","al-Qāhira",226,"30.06263, 31.24967","أبابيل","أبابيل","أبابيل",NA,NA,NA,NA,NA,1
"al-Manār",1588981,2,1904-08-01,"12","1","al-Qāhira",226,"30.06263, 31.24967","الاتحاد","الاتحاد","الاتحاد",NA,NA,NA,NA,NA,1
"al-Manār",1588981,2,1904-08-01,"12","1","al-Qāhira",226,"30.06263, 31.24967","البيان","البيان","al-Bayān","ar",792754974,11,"al-Qāhira","30.06263, 31.24967",1
"al-Manār",1588981,2,1904-08-01,"12","1","al-Qāhira",226,"30.06263, 31.24967","المنار","المنار","al-Manār","ar",1588981,2,"al-Qāhira","30.06263, 31.24967",2
"al-Manār",1588981,2,1904-08-01,"12","1","al-Qāhira",226,"30.06263, 31.24967","الندوة","الندوة","الندوة",NA,NA,NA,NA,NA,1
"al-Manār",1588981,2,1904-08-01,"12","10","al-Qāhira",226,"30.06263, 31.24967","الرقيب","الرقيب","الرقيب",NA,NA,NA,NA,NA,1
"al-Manār",1588981,2,1904-08-01,"12","10","al-Qāhira",226,"30.06263, 31.24967","المفيد","المفيد","al-Mufīd","ar",1034548778,20,"Bayrūt","33.88894, 35.49442",2
"al-Manār",1588981,2,1904-08-01,"12","10","al-Qāhira",226,"30.06263, 31.24967","المنار","المنار","al-Manār","ar",1588981,2,"al-Qāhira","30.06263, 31.24967",3
"al-Manār",1588981,2,1904-08-01,"12","10","al-Qāhira",226,"30.06263, 31.24967","النبراس","النبراس","النبراس",NA,NA,NA,NA,NA,1
"al-Manār",1588981,2,1904-08-01,"12","10","al-Qāhira",226,"30.06263, 31.24967","صراط مستقيم","صراط مستقيم","صراط مستقيم",NA,NA,NA,NA,NA,2
"al-Manār",1588981,2,1904-08-01,"12","11","al-Qāhira",226,"30.06263, 31.24967","أقدام","أقدام","أقدام",NA,NA,NA,NA,NA,1
"al-Manār",1588981,2,1904-08-01,"12","11","al-Qāhira",226,"30.06263, 31.24967","إقدام","إقدام","إقدام",NA,NA,NA,NA,NA,1
"al-Manār",1588981,2,1904-08-01,"12","11","al-Qāhira",226,"30.06263, 31.24967","الاتحاد العثماني","الاتحاد العثماني","al-Ittiḥād al-ʿUthmānī","ar",42900564,28,"Bayrūt","33.88894, 35.49442",1
"al-Manār",1588981,2,1904-08-01,"12","11","al-Qāhira",226,"30.06263, 31.24967","المؤيد","المؤيد","al-Muʾayyad","ar",792755902,25,"al-Qāhira","30.06263, 31.24967",1
"al-Manār",1588981,2,1904-08-01,"12","11","al-Qāhira",226,"30.06263, 31.24967","النهضة","النهضة","النهضة",NA,NA,NA,NA,NA,1
"al-Manār",1588981,2,1904-08-01,"12","11","al-Qāhira",226,"30.06263, 31.24967","كلمة حق","كلمة حق","كلمة حق",NA,NA,NA,NA,NA,1
"al-Manār",1588981,2,1904-08-01,"12","11","al-Qāhira",226,"30.06263, 31.24967","وطن","وطن","وطن",NA,NA,NA,NA,NA,2
"al-Manār",1588981,2,1904-08-01,"12","11","al-Qāhira",226,"30.06263, 31.24967","يني غزته","يني غزته","يني غزته",NA,NA,NA,NA,NA,1
"al-Manār",1588981,2,1904-08-01,"12","12","al-Qāhira",226,"30.06263, 31.24967","إقدام","إقدام","إقدام",NA,NA,NA,NA,NA,1
"al-Manār",1588981,2,1904-08-01,"12","12","al-Qāhira",226,"30.06263, 31.24967","الأستاذ","الأستاذ","al-Ustādh","ar",1036721166,4,"al-Qāhira","30.06263, 31.24967",1
"al-Manār",1588981,2,1904-08-01,"12","12","al-Qāhira",226,"30.06263, 31.24967","الأهرام","الأهرام","الأهرام",NA,NA,NA,NA,NA,1
"al-Manār",1588981,2,1904-08-01,"12","12","al-Qāhira",226,"30.06263, 31.24967","المنار","المنار","al-Manār","ar",1588981,2,"al-Qāhira","30.06263, 31.24967",2
"al-Manār",1588981,2,1904-08-01,"12","12","al-Qāhira",226,"30.06263, 31.24967","الواء","الواء","الواء",NA,NA,NA,NA,NA,1
"al-Manār",1588981,2,1904-08-01,"12","12","al-Qāhira",226,"30.06263, 31.24967","ترك","ترك","ترك",NA,NA,NA,NA,NA,1
"al-Manār",1588981,2,1904-08-01,"12","12","al-Qāhira",226,"30.06263, 31.24967","وطن","وطن","وطن",NA,NA,NA,NA,NA,0
"al-Manār",1588981,2,1904-08-01,"12","2","al-Qāhira",226,"30.06263, 31.24967","الأحكام","الأحكام","الأحكام",NA,NA,NA,NA,NA,1
"al-Manār",1588981,2,1904-08-01,"12","2","al-Qāhira",226,"30.06263, 31.24967","الإمام","الإمام","الإمام",NA,NA,NA,NA,NA,1
"al-Manār",1588981,2,1904-08-01,"12","2","al-Qāhira",226,"30.06263, 31.24967","المؤيد","المؤيد","al-Muʾayyad","ar",792755902,25,"al-Qāhira","30.06263, 31.24967",1
"al-Manār",1588981,2,1904-08-01,"12","2","al-Qāhira",226,"30.06263, 31.24967","المفيد","المفيد","al-Mufīd","ar",1034548778,20,"Bayrūt","33.88894, 35.49442",1
"al-Manār",1588981,2,1904-08-01,"12","2","al-Qāhira",226,"30.06263, 31.24967","المنار","المنار","al-Manār","ar",1588981,2,"al-Qāhira","30.06263, 31.24967",5
"al-Manār",1588981,2,1904-08-01,"12","3","al-Qāhira",226,"30.06263, 31.24967","المنار","المنار","al-Manār","ar",1588981,2,"al-Qāhira","30.06263, 31.24967",3
"al-Manār",1588981,2,1904-08-01,"12","4","al-Qāhira",226,"30.06263, 31.24967","أبزرور","أبزرور","أبزرور",NA,NA,NA,NA,NA,1
"al-Manār",1588981,2,1904-08-01,"12","4","al-Qāhira",226,"30.06263, 31.24967","الأبزرور","الأبزرور","الأبزرور",NA,NA,NA,NA,NA,1
"al-Manār",1588981,2,1904-08-01,"12","4","al-Qāhira",226,"30.06263, 31.24967","وطن","وطن","وطن",NA,NA,NA,NA,NA,1
"al-Manār",1588981,2,1904-08-01,"12","5","al-Qāhira",226,"30.06263, 31.24967","اعتدال","اعتدال","اعتدال",NA,NA,NA,NA,NA,1
"al-Manār",1588981,2,1904-08-01,"12","5","al-Qāhira",226,"30.06263, 31.24967","ثروت فتون","ثروت فتون","ثروت فتون",NA,NA,NA,NA,NA,1
"al-Manār",1588981,2,1904-08-01,"12","5","al-Qāhira",226,"30.06263, 31.24967","وولقان","وولقان","وولقان",NA,NA,NA,NA,NA,1
"al-Manār",1588981,2,1904-08-01,"12","6","al-Qāhira",226,"30.06263, 31.24967","الأخبارأحد","الأخبارأحد","الأخبارأحد",NA,NA,NA,NA,NA,1
"al-Manār",1588981,2,1904-08-01,"12","6","al-Qāhira",226,"30.06263, 31.24967","اللواء","اللواء","اللواء",NA,NA,NA,NA,NA,1
"al-Manār",1588981,2,1904-08-01,"12","6","al-Qāhira",226,"30.06263, 31.24967","المقطم","المقطم","المقطم",NA,NA,NA,NA,NA,1
"al-Manār",1588981,2,1904-08-01,"12","6","al-Qāhira",226,"30.06263, 31.24967","المنار","المنار","al-Manār","ar",1588981,2,"al-Qāhira","30.06263, 31.24967",5
"al-Manār",1588981,2,1904-08-01,"12","6","al-Qāhira",226,"30.06263, 31.24967","روضة المعارف","روضة المعارف","روضة المعارف",NA,NA,NA,NA,NA,1
"al-Manār",1588981,2,1904-08-01,"12","6","al-Qāhira",226,"30.06263, 31.24967","معلومات","معلومات","معلومات",NA,NA,NA,NA,NA,1
"al-Manār",1588981,2,1904-08-01,"12","6","al-Qāhira",226,"30.06263, 31.24967","وطن","وطن","وطن",NA,NA,NA,NA,NA,1
"al-Manār",1588981,2,1904-08-01,"12","7","al-Qāhira",226,"30.06263, 31.24967","الاتحاد","الاتحاد","الاتحاد",NA,NA,NA,NA,NA,1
"al-Manār",1588981,2,1904-08-01,"12","7","al-Qāhira",226,"30.06263, 31.24967","المقتبس","المقتبس","al-Muqtabas","ar",4770057679,9,"al-Qāhira","30.06263, 31.24967",1
"al-Manār",1588981,2,1904-08-01,"12","7","al-Qāhira",226,"30.06263, 31.24967","النوافل","النوافل","النوافل",NA,NA,NA,NA,NA,1
"al-Manār",1588981,2,1904-08-01,"12","7","al-Qāhira",226,"30.06263, 31.24967","النوفل","النوفل","النوفل",NA,NA,NA,NA,NA,1
"al-Manār",1588981,2,1904-08-01,"12","7","al-Qāhira",226,"30.06263, 31.24967","تصوير أفكار","تصوير أفكار","تصوير أفكار",NA,NA,NA,NA,NA,1
"al-Manār",1588981,2,1904-08-01,"12","8","al-Qāhira",226,"30.06263, 31.24967","الاتحاد","الاتحاد","الاتحاد",NA,NA,NA,NA,NA,1
"al-Manār",1588981,2,1904-08-01,"12","8","al-Qāhira",226,"30.06263, 31.24967","المنار","المنار","al-Manār","ar",1588981,2,"al-Qāhira","30.06263, 31.24967",4
"al-Manār",1588981,2,1904-08-01,"12","8","al-Qāhira",226,"30.06263, 31.24967","الهلال","الهلال","al-Hilāl","ar",1639361,10,"al-Qāhira","30.06263, 31.24967",0
"al-Manār",1588981,2,1904-08-01,"12","9","al-Qāhira",226,"30.06263, 31.24967","المعلومات","المعلومات","المعلومات",NA,NA,NA,NA,NA,1
"al-Manār",1588981,2,1904-08-01,"12","9","al-Qāhira",226,"30.06263, 31.24967","المقتبس","المقتبس","al-Muqtabas","ar",4770057679,9,"al-Qāhira","30.06263, 31.24967",1
"al-Manār",1588981,2,1904-08-01,"12","9","al-Qāhira",226,"30.06263, 31.24967","المنار","المنار","al-Manār","ar",1588981,2,"al-Qāhira","30.06263, 31.24967",2
"al-Manār",1588981,2,1904-08-01,"12","9","al-Qāhira",226,"30.06263, 31.24967","الوطن",NA,NA,NA,NA,NA,NA,NA,1
"al-Manār",1588981,2,1904-08-01,"12","9","al-Qāhira",226,"30.06263, 31.24967","باونير","باونير","باونير",NA,NA,NA,NA,NA,1
"al-Manār",1588981,2,1904-08-01,"12","9","al-Qāhira",226,"30.06263, 31.24967","علي كده","علي كده","علي كده",NA,NA,NA,NA,NA,1
"al-Manār",1588981,2,1904-08-01,"12","9","al-Qāhira",226,"30.06263, 31.24967","علي كده أنستي تيوت غازت","علي كده أنستي تيوت غازت","علي كده أنستي تيوت غازت",NA,NA,NA,NA,NA,1
"al-Manār",1588981,2,1904-08-01,"12","9","al-Qāhira",226,"30.06263, 31.24967","وطن","وطن","وطن",NA,NA,NA,NA,NA,1
"al-Manār",1588981,2,1904-08-01,"12","9","al-Qāhira",226,"30.06263, 31.24967","وكيل","وكيل","وكيل",NA,NA,NA,NA,NA,1
"al-Manār",1588981,2,1904-08-01,"13","1","al-Qāhira",226,"30.06263, 31.24967","الأحكام","الأحكام","الأحكام",NA,NA,NA,NA,NA,1
"al-Manār",1588981,2,1904-08-01,"13","1","al-Qāhira",226,"30.06263, 31.24967","المنار","المنار","al-Manār","ar",1588981,2,"al-Qāhira","30.06263, 31.24967",1
"al-Manār",1588981,2,1904-08-01,"13","1","al-Qāhira",226,"30.06263, 31.24967","دين ومعيشت","دين ومعيشت","دين ومعيشت",NA,NA,NA,NA,NA,1
"al-Manār",1588981,2,1904-08-01,"13","1","al-Qāhira",226,"30.06263, 31.24967","صراط مستقيم","صراط مستقيم","صراط مستقيم",NA,NA,NA,NA,NA,0
"al-Manār",1588981,2,1904-08-01,"13","10","al-Qāhira",226,"30.06263, 31.24967","الجمعية","الجمعية","الجمعية",NA,NA,NA,NA,NA,1
"al-Manār",1588981,2,1904-08-01,"13","10","al-Qāhira",226,"30.06263, 31.24967","الحضارة","الحضارة","الحضارة",NA,NA,NA,NA,NA,2
"al-Manār",1588981,2,1904-08-01,"13","10","al-Qāhira",226,"30.06263, 31.24967","العلم",NA,NA,NA,NA,NA,NA,NA,1
"al-Manār",1588981,2,1904-08-01,"13","10","al-Qāhira",226,"30.06263, 31.24967","المنار","المنار","al-Manār","ar",1588981,2,"al-Qāhira","30.06263, 31.24967",4
"al-Manār",1588981,2,1904-08-01,"13","10","al-Qāhira",226,"30.06263, 31.24967","بيان الحق","بيان الحق","بيان الحق",NA,NA,NA,NA,NA,1
"al-Manār",1588981,2,1904-08-01,"13","10","al-Qāhira",226,"30.06263, 31.24967","ترجمان","ترجمان","ترجمان",NA,NA,NA,NA,NA,1
"al-Manār",1588981,2,1904-08-01,"13","11","al-Qāhira",226,"30.06263, 31.24967","البريد","البريد","البريد",NA,NA,NA,NA,NA,2
"al-Manār",1588981,2,1904-08-01,"13","11","al-Qāhira",226,"30.06263, 31.24967","الحضارة","الحضارة","الحضارة",NA,NA,NA,NA,NA,2
"al-Manār",1588981,2,1904-08-01,"13","11","al-Qāhira",226,"30.06263, 31.24967","الربيج","الربيج","الربيج",NA,NA,NA,NA,NA,1
"al-Manār",1588981,2,1904-08-01,"13","11","al-Qāhira",226,"30.06263, 31.24967","الرقيب","الرقيب","الرقيب",NA,NA,NA,NA,NA,1
"al-Manār",1588981,2,1904-08-01,"13","11","al-Qāhira",226,"30.06263, 31.24967","السبيكل","السبيكل","السبيكل",NA,NA,NA,NA,NA,1
"al-Manār",1588981,2,1904-08-01,"13","11","al-Qāhira",226,"30.06263, 31.24967","الشورى","الشورى","الشورى",NA,NA,NA,NA,NA,2
"al-Manār",1588981,2,1904-08-01,"13","11","al-Qāhira",226,"30.06263, 31.24967","المؤيد","المؤيد","al-Muʾayyad","ar",792755902,25,"al-Qāhira","30.06263, 31.24967",1
"al-Manār",1588981,2,1904-08-01,"13","11","al-Qāhira",226,"30.06263, 31.24967","المفيد","المفيد","al-Mufīd","ar",1034548778,20,"Bayrūt","33.88894, 35.49442",1
"al-Manār",1588981,2,1904-08-01,"13","11","al-Qāhira",226,"30.06263, 31.24967","الملاجئ","الملاجئ","الملاجئ",NA,NA,NA,NA,NA,1
"al-Manār",1588981,2,1904-08-01,"13","11","al-Qāhira",226,"30.06263, 31.24967","المنار","المنار","al-Manār","ar",1588981,2,"al-Qāhira","30.06263, 31.24967",5
"al-Manār",1588981,2,1904-08-01,"13","11","al-Qāhira",226,"30.06263, 31.24967","ففيرنوست","ففيرنوست","ففيرنوست",NA,NA,NA,NA,NA,1
"al-Manār",1588981,2,1904-08-01,"13","11","al-Qāhira",226,"30.06263, 31.24967","فيرنوست","فيرنوست","فيرنوست",NA,NA,NA,NA,NA,1
"al-Manār",1588981,2,1904-08-01,"13","11","al-Qāhira",226,"30.06263, 31.24967","يكي تصوير أفكار","يكي تصوير أفكار","يكي تصوير أفكار",NA,NA,NA,NA,NA,1
"al-Manār",1588981,2,1904-08-01,"13","12","al-Qāhira",226,"30.06263, 31.24967","الأخبار","الأخبار","الأخبار",NA,NA,NA,NA,NA,1
"al-Manār",1588981,2,1904-08-01,"13","12","al-Qāhira",226,"30.06263, 31.24967","المتقطف","المتقطف","المتقطف",NA,NA,NA,NA,NA,1
"al-Manār",1588981,2,1904-08-01,"13","12","al-Qāhira",226,"30.06263, 31.24967","الوطن",NA,NA,NA,NA,NA,NA,NA,1
"al-Manār",1588981,2,1904-08-01,"13","2","al-Qāhira",226,"30.06263, 31.24967","العرب",NA,NA,NA,NA,NA,NA,NA,0
"al-Manār",1588981,2,1904-08-01,"13","2","al-Qāhira",226,"30.06263, 31.24967","اللواء","اللواء","اللواء",NA,NA,NA,NA,NA,1
"al-Manār",1588981,2,1904-08-01,"13","2","al-Qāhira",226,"30.06263, 31.24967","المنار","المنار","al-Manār","ar",1588981,2,"al-Qāhira","30.06263, 31.24967",3
"al-Manār",1588981,2,1904-08-01,"13","2","al-Qāhira",226,"30.06263, 31.24967","وبرلاندأوندماير","وبرلاندأوندماير","وبرلاندأوندماير",NA,NA,NA,NA,NA,1
"al-Manār",1588981,2,1904-08-01,"13","2","al-Qāhira",226,"30.06263, 31.24967","وقت","وقت","وقت",NA,NA,NA,NA,NA,1
"al-Manār",1588981,2,1904-08-01,"13","3","al-Qāhira",226,"30.06263, 31.24967","إقدام","إقدام","إقدام",NA,NA,NA,NA,NA,1
"al-Manār",1588981,2,1904-08-01,"13","3","al-Qāhira",226,"30.06263, 31.24967","الإصلاح","الإصلاح","الإصلاح",NA,NA,NA,NA,NA,1
"al-Manār",1588981,2,1904-08-01,"13","3","al-Qāhira",226,"30.06263, 31.24967","العرب",NA,NA,NA,NA,NA,NA,NA,1
"al-Manār",1588981,2,1904-08-01,"13","3","al-Qāhira",226,"30.06263, 31.24967","المقتطف","المقتطف","al-Muqtaṭaf","ar",931941685,5,"Bayrūt","33.88894, 35.49442",1
"al-Manār",1588981,2,1904-08-01,"13","4","al-Qāhira",226,"30.06263, 31.24967","الأهرام","الأهرام","الأهرام",NA,NA,NA,NA,NA,1
"al-Manār",1588981,2,1904-08-01,"13","4","al-Qāhira",226,"30.06263, 31.24967","الإصلاح","الإصلاح","الإصلاح",NA,NA,NA,NA,NA,2
"al-Manār",1588981,2,1904-08-01,"13","4","al-Qāhira",226,"30.06263, 31.24967","الحضارة","الحضارة","الحضارة",NA,NA,NA,NA,NA,1
"al-Manār",1588981,2,1904-08-01,"13","4","al-Qāhira",226,"30.06263, 31.24967","الديبيش","الديبيش","الديبيش",NA,NA,NA,NA,NA,1
"al-Manār",1588981,2,1904-08-01,"13","4","al-Qāhira",226,"30.06263, 31.24967","العالم","العالم","العالم",NA,NA,NA,NA,NA,1
"al-Manār",1588981,2,1904-08-01,"13","4","al-Qāhira",226,"30.06263, 31.24967","المستر","المستر","المستر",NA,NA,NA,NA,NA,1
"al-Manār",1588981,2,1904-08-01,"13","4","al-Qāhira",226,"30.06263, 31.24967","المفيد","المفيد","al-Mufīd","ar",1034548778,20,"Bayrūt","33.88894, 35.49442",1
"al-Manār",1588981,2,1904-08-01,"13","4","al-Qāhira",226,"30.06263, 31.24967","النبراس","النبراس","النبراس",NA,NA,NA,NA,NA,1
"al-Manār",1588981,2,1904-08-01,"13","5","al-Qāhira",226,"30.06263, 31.24967","الحضارة","الحضارة","الحضارة",NA,NA,NA,NA,NA,2
"al-Manār",1588981,2,1904-08-01,"13","5","al-Qāhira",226,"30.06263, 31.24967","العروة","العروة","العروة",NA,NA,NA,NA,NA,1
"al-Manār",1588981,2,1904-08-01,"13","5","al-Qāhira",226,"30.06263, 31.24967","المؤيد","المؤيد","al-Muʾayyad","ar",792755902,25,"al-Qāhira","30.06263, 31.24967",1
"al-Manār",1588981,2,1904-08-01,"13","5","al-Qāhira",226,"30.06263, 31.24967","المنار","المنار","al-Manār","ar",1588981,2,"al-Qāhira","30.06263, 31.24967",2
"al-Manār",1588981,2,1904-08-01,"13","5","al-Qāhira",226,"30.06263, 31.24967","صداي ملت","صداي ملت","صداي ملت",NA,NA,NA,NA,NA,1
"al-Manār",1588981,2,1904-08-01,"13","6","al-Qāhira",226,"30.06263, 31.24967","الحضارة","الحضارة","الحضارة",NA,NA,NA,NA,NA,1
"al-Manār",1588981,2,1904-08-01,"13","6","al-Qāhira",226,"30.06263, 31.24967","المقطم","المقطم","المقطم",NA,NA,NA,NA,NA,1
"al-Manār",1588981,2,1904-08-01,"13","6","al-Qāhira",226,"30.06263, 31.24967","المنار","المنار","al-Manār","ar",1588981,2,"al-Qāhira","30.06263, 31.24967",1
"al-Manār",1588981,2,1904-08-01,"13","6","al-Qāhira",226,"30.06263, 31.24967","يكي غزته","يكي غزته","يكي غزته",NA,NA,NA,NA,NA,1
"al-Manār",1588981,2,1904-08-01,"13","7","al-Qāhira",226,"30.06263, 31.24967","الحضارة","الحضارة","الحضارة",NA,NA,NA,NA,NA,1
"al-Manār",1588981,2,1904-08-01,"13","8","al-Qāhira",226,"30.06263, 31.24967","الحضارة","الحضارة","الحضارة",NA,NA,NA,NA,NA,1
"al-Manār",1588981,2,1904-08-01,"13","8","al-Qāhira",226,"30.06263, 31.24967","الدايلي","الدايلي","الدايلي",NA,NA,NA,NA,NA,1
"al-Manār",1588981,2,1904-08-01,"14","1","al-Qāhira",226,"30.06263, 31.24967","الحزب","الحزب","الحزب",NA,NA,NA,NA,NA,0
"al-Manār",1588981,2,1904-08-01,"14","1","al-Qāhira",226,"30.06263, 31.24967","الحضارة","الحضارة","الحضارة",NA,NA,NA,NA,NA,1
"al-Manār",1588981,2,1904-08-01,"14","1","al-Qāhira",226,"30.06263, 31.24967","العلم",NA,NA,NA,NA,NA,NA,NA,3
"al-Manār",1588981,2,1904-08-01,"14","1","al-Qāhira",226,"30.06263, 31.24967","اللواء","اللواء","اللواء",NA,NA,NA,NA,NA,1
"al-Manār",1588981,2,1904-08-01,"14","1","al-Qāhira",226,"30.06263, 31.24967","المنار","المنار","al-Manār","ar",1588981,2,"al-Qāhira","30.06263, 31.24967",3
"al-Manār",1588981,2,1904-08-01,"14","1","al-Qāhira",226,"30.06263, 31.24967","الوطن",NA,NA,NA,NA,NA,NA,NA,1
"al-Manār",1588981,2,1904-08-01,"14","10","al-Qāhira",226,"30.06263, 31.24967","العلم",NA,NA,NA,NA,NA,NA,NA,0
"al-Manār",1588981,2,1904-08-01,"14","10","al-Qāhira",226,"30.06263, 31.24967","المقطم","المقطم","المقطم",NA,NA,NA,NA,NA,1
"al-Manār",1588981,2,1904-08-01,"14","10","al-Qāhira",226,"30.06263, 31.24967","المنار","المنار","al-Manār","ar",1588981,2,"al-Qāhira","30.06263, 31.24967",2
"al-Manār",1588981,2,1904-08-01,"14","10","al-Qāhira",226,"30.06263, 31.24967","حكمت","حكمت","حكمت",NA,NA,NA,NA,NA,0
"al-Manār",1588981,2,1904-08-01,"14","11","al-Qāhira",226,"30.06263, 31.24967","المؤيد","المؤيد","al-Muʾayyad","ar",792755902,25,"al-Qāhira","30.06263, 31.24967",1
"al-Manār",1588981,2,1904-08-01,"14","11","al-Qāhira",226,"30.06263, 31.24967","المنار","المنار","al-Manār","ar",1588981,2,"al-Qāhira","30.06263, 31.24967",3
"al-Manār",1588981,2,1904-08-01,"14","11","al-Qāhira",226,"30.06263, 31.24967","دين ومعيشت","دين ومعيشت","دين ومعيشت",NA,NA,NA,NA,NA,1
"al-Manār",1588981,2,1904-08-01,"14","12","al-Qāhira",226,"30.06263, 31.24967","إيكودي تريبولي","إيكودي تريبولي","إيكودي تريبولي",NA,NA,NA,NA,NA,1
"al-Manār",1588981,2,1904-08-01,"14","12","al-Qāhira",226,"30.06263, 31.24967","الأحكام","الأحكام","الأحكام",NA,NA,NA,NA,NA,1
"al-Manār",1588981,2,1904-08-01,"14","12","al-Qāhira",226,"30.06263, 31.24967","البروجريسو","البروجريسو","البروجريسو",NA,NA,NA,NA,NA,1
"al-Manār",1588981,2,1904-08-01,"14","12","al-Qāhira",226,"30.06263, 31.24967","البيان","البيان","al-Bayān","ar",792754974,11,"al-Qāhira","30.06263, 31.24967",0
"al-Manār",1588981,2,1904-08-01,"14","12","al-Qāhira",226,"30.06263, 31.24967","العلم",NA,NA,NA,NA,NA,NA,NA,1
"al-Manār",1588981,2,1904-08-01,"14","12","al-Qāhira",226,"30.06263, 31.24967","المايل","المايل","المايل",NA,NA,NA,NA,NA,1
"al-Manār",1588981,2,1904-08-01,"14","12","al-Qāhira",226,"30.06263, 31.24967","المنار","المنار","al-Manār","ar",1588981,2,"al-Qāhira","30.06263, 31.24967",2
"al-Manār",1588981,2,1904-08-01,"14","12","al-Qāhira",226,"30.06263, 31.24967","المهاجر","المهاجر","المهاجر",NA,NA,NA,NA,NA,1
"al-Manār",1588981,2,1904-08-01,"14","12","al-Qāhira",226,"30.06263, 31.24967","بودابست هيرلات","بودابست هيرلات","بودابست هيرلات",NA,NA,NA,NA,NA,1
"al-Manār",1588981,2,1904-08-01,"14","13","al-Qāhira",226,"30.06263, 31.24967","الشرق","الشرق","الشرق",NA,NA,NA,NA,NA,1
"al-Manār",1588981,2,1904-08-01,"14","13","al-Qāhira",226,"30.06263, 31.24967","العلم",NA,NA,NA,NA,NA,NA,NA,2
"al-Manār",1588981,2,1904-08-01,"14","13","al-Qāhira",226,"30.06263, 31.24967","طنين","طنين","طنين",NA,NA,NA,NA,NA,1
"al-Manār",1588981,2,1904-08-01,"14","2","al-Qāhira",226,"30.06263, 31.24967","الحضارة","الحضارة","الحضارة",NA,NA,NA,NA,NA,1
"al-Manār",1588981,2,1904-08-01,"14","2","al-Qāhira",226,"30.06263, 31.24967","الحقيقة","الحقيقة","al-Ḥaqīqa","ar",1034550756,30,"Bayrūt","33.88894, 35.49442",1
"al-Manār",1588981,2,1904-08-01,"14","2","al-Qāhira",226,"30.06263, 31.24967","العلم",NA,NA,NA,NA,NA,NA,NA,1
"al-Manār",1588981,2,1904-08-01,"14","2","al-Qāhira",226,"30.06263, 31.24967","المؤيد","المؤيد","al-Muʾayyad","ar",792755902,25,"al-Qāhira","30.06263, 31.24967",1
"al-Manār",1588981,2,1904-08-01,"14","2","al-Qāhira",226,"30.06263, 31.24967","المقتطف","المقتطف","al-Muqtaṭaf","ar",931941685,5,"Bayrūt","33.88894, 35.49442",1
"al-Manār",1588981,2,1904-08-01,"14","2","al-Qāhira",226,"30.06263, 31.24967","المنار","المنار","al-Manār","ar",1588981,2,"al-Qāhira","30.06263, 31.24967",4
"al-Manār",1588981,2,1904-08-01,"14","2","al-Qāhira",226,"30.06263, 31.24967","وكيل","وكيل","وكيل",NA,NA,NA,NA,NA,1
"al-Manār",1588981,2,1904-08-01,"14","3","al-Qāhira",226,"30.06263, 31.24967","الأخبار","الأخبار","الأخبار",NA,NA,NA,NA,NA,0
"al-Manār",1588981,2,1904-08-01,"14","3","al-Qāhira",226,"30.06263, 31.24967","الأيجبت","الأيجبت","الأيجبت",NA,NA,NA,NA,NA,1
"al-Manār",1588981,2,1904-08-01,"14","3","al-Qāhira",226,"30.06263, 31.24967","الشرق","الشرق","الشرق",NA,NA,NA,NA,NA,1
"al-Manār",1588981,2,1904-08-01,"14","3","al-Qāhira",226,"30.06263, 31.24967","العالم","العالم","العالم",NA,NA,NA,NA,NA,1
"al-Manār",1588981,2,1904-08-01,"14","3","al-Qāhira",226,"30.06263, 31.24967","العلم",NA,NA,NA,NA,NA,NA,NA,1
"al-Manār",1588981,2,1904-08-01,"14","3","al-Qāhira",226,"30.06263, 31.24967","المقتبس","المقتبس","al-Muqtabas","ar",4770057679,9,"al-Qāhira","30.06263, 31.24967",1
"al-Manār",1588981,2,1904-08-01,"14","3","al-Qāhira",226,"30.06263, 31.24967","المنار","المنار","al-Manār","ar",1588981,2,"al-Qāhira","30.06263, 31.24967",2
"al-Manār",1588981,2,1904-08-01,"14","4","al-Qāhira",226,"30.06263, 31.24967","الوطن",NA,NA,NA,NA,NA,NA,NA,1
"al-Manār",1588981,2,1904-08-01,"14","4","al-Qāhira",226,"30.06263, 31.24967","دين ومعيشت","دين ومعيشت","دين ومعيشت",NA,NA,NA,NA,NA,1
"al-Manār",1588981,2,1904-08-01,"14","5","al-Qāhira",226,"30.06263, 31.24967","إقدام","إقدام","إقدام",NA,NA,NA,NA,NA,1
"al-Manār",1588981,2,1904-08-01,"14","5","al-Qāhira",226,"30.06263, 31.24967","التيمس","The Times","The Times","en",992611467,26,"London","51.50853, -0.12574",1
"al-Manār",1588981,2,1904-08-01,"14","5","al-Qāhira",226,"30.06263, 31.24967","الحضارة","الحضارة","الحضارة",NA,NA,NA,NA,NA,1
"al-Manār",1588981,2,1904-08-01,"14","5","al-Qāhira",226,"30.06263, 31.24967","الوقت","الوقت","الوقت",NA,NA,NA,NA,NA,1
"al-Manār",1588981,2,1904-08-01,"14","5","al-Qāhira",226,"30.06263, 31.24967","روسكي أصلوفا","روسكي أصلوفا","روسكي أصلوفا",NA,NA,NA,NA,NA,1
"al-Manār",1588981,2,1904-08-01,"14","5","al-Qāhira",226,"30.06263, 31.24967","شورا","شورا","شورا",NA,NA,NA,NA,NA,1
"al-Manār",1588981,2,1904-08-01,"14","5","al-Qāhira",226,"30.06263, 31.24967","وقت","وقت","وقت",NA,NA,NA,NA,NA,1
"al-Manār",1588981,2,1904-08-01,"14","6","al-Qāhira",226,"30.06263, 31.24967","التيمس","The Times","The Times","en",992611467,26,"London","51.50853, -0.12574",1
"al-Manār",1588981,2,1904-08-01,"14","6","al-Qāhira",226,"30.06263, 31.24967","الطان","Le Temps","Le Temps","fr",263593774,21,"Paris","48.85341, 2.3488",1
"al-Manār",1588981,2,1904-08-01,"14","6","al-Qāhira",226,"30.06263, 31.24967","المؤيد","المؤيد","al-Muʾayyad","ar",792755902,25,"al-Qāhira","30.06263, 31.24967",0
"al-Manār",1588981,2,1904-08-01,"14","6","al-Qāhira",226,"30.06263, 31.24967","المنار","المنار","al-Manār","ar",1588981,2,"al-Qāhira","30.06263, 31.24967",3
"al-Manār",1588981,2,1904-08-01,"14","6","al-Qāhira",226,"30.06263, 31.24967","النوفل","النوفل","النوفل",NA,NA,NA,NA,NA,1
"al-Manār",1588981,2,1904-08-01,"14","6","al-Qāhira",226,"30.06263, 31.24967","صباح","صباح","صباح",NA,NA,NA,NA,NA,1
"al-Manār",1588981,2,1904-08-01,"14","6","al-Qāhira",226,"30.06263, 31.24967","طنين","طنين","طنين",NA,NA,NA,NA,NA,1
"al-Manār",1588981,2,1904-08-01,"14","6","al-Qāhira",226,"30.06263, 31.24967","لاريفورم","لاريفورم","لاريفورم",NA,NA,NA,NA,NA,1
"al-Manār",1588981,2,1904-08-01,"14","8","al-Qāhira",226,"30.06263, 31.24967","الأخبار","الأخبار","الأخبار",NA,NA,NA,NA,NA,1
"al-Manār",1588981,2,1904-08-01,"14","8","al-Qāhira",226,"30.06263, 31.24967","البشير","البشير","البشير",NA,NA,NA,NA,NA,1
"al-Manār",1588981,2,1904-08-01,"14","8","al-Qāhira",226,"30.06263, 31.24967","الخرج","الخرج","الخرج",NA,NA,NA,NA,NA,1
"al-Manār",1588981,2,1904-08-01,"14","8","al-Qāhira",226,"30.06263, 31.24967","الطلبة","الطلبة","الطلبة",NA,NA,NA,NA,NA,1
"al-Manār",1588981,2,1904-08-01,"14","8","al-Qāhira",226,"30.06263, 31.24967","المنار","المنار","al-Manār","ar",1588981,2,"al-Qāhira","30.06263, 31.24967",3
"al-Manār",1588981,2,1904-08-01,"14","8","al-Qāhira",226,"30.06263, 31.24967","شورا","شورا","شورا",NA,NA,NA,NA,NA,1
"al-Manār",1588981,2,1904-08-01,"14","9","al-Qāhira",226,"30.06263, 31.24967","الطلبة","الطلبة","الطلبة",NA,NA,NA,NA,NA,1
"al-Manār",1588981,2,1904-08-01,"14","9","al-Qāhira",226,"30.06263, 31.24967","الكرمل","الكرمل","الكرمل",NA,NA,NA,NA,NA,1
"al-Manār",1588981,2,1904-08-01,"14","9","al-Qāhira",226,"30.06263, 31.24967","المباحث","المباحث","المباحث",NA,NA,NA,NA,NA,1
"al-Manār",1588981,2,1904-08-01,"14","9","al-Qāhira",226,"30.06263, 31.24967","المنار","المنار","al-Manār","ar",1588981,2,"al-Qāhira","30.06263, 31.24967",1
"al-Manār",1588981,2,1904-08-01,"15","1","al-Qāhira",226,"30.06263, 31.24967","الأخبار","الأخبار","الأخبار",NA,NA,NA,NA,NA,1
"al-Manār",1588981,2,1904-08-01,"15","1","al-Qāhira",226,"30.06263, 31.24967","العلم",NA,NA,NA,NA,NA,NA,NA,1
"al-Manār",1588981,2,1904-08-01,"15","1","al-Qāhira",226,"30.06263, 31.24967","المؤيد","المؤيد","al-Muʾayyad","ar",792755902,25,"al-Qāhira","30.06263, 31.24967",1
"al-Manār",1588981,2,1904-08-01,"15","1","al-Qāhira",226,"30.06263, 31.24967","المنار","المنار","al-Manār","ar",1588981,2,"al-Qāhira","30.06263, 31.24967",2
"al-Manār",1588981,2,1904-08-01,"15","1","al-Qāhira",226,"30.06263, 31.24967","الهلال","الهلال","al-Hilāl","ar",1639361,10,"al-Qāhira","30.06263, 31.24967",1
"al-Manār",1588981,2,1904-08-01,"15","1","al-Qāhira",226,"30.06263, 31.24967","بودابست هيرلاب","بودابست هيرلاب","بودابست هيرلاب",NA,NA,NA,NA,NA,1
"al-Manār",1588981,2,1904-08-01,"15","1","al-Qāhira",226,"30.06263, 31.24967","زنكفت","زنكفت","زنكفت",NA,NA,NA,NA,NA,1
"al-Manār",1588981,2,1904-08-01,"15","1","al-Qāhira",226,"30.06263, 31.24967","وطن","وطن","وطن",NA,NA,NA,NA,NA,1
"al-Manār",1588981,2,1904-08-01,"15","1","al-Qāhira",226,"30.06263, 31.24967","وقت","وقت","وقت",NA,NA,NA,NA,NA,1
"al-Manār",1588981,2,1904-08-01,"15","10","al-Qāhira",226,"30.06263, 31.24967","آياقوباو","آياقوباو","آياقوباو",NA,NA,NA,NA,NA,1
"al-Manār",1588981,2,1904-08-01,"15","10","al-Qāhira",226,"30.06263, 31.24967","الشرق","الشرق","الشرق",NA,NA,NA,NA,NA,1
"al-Manār",1588981,2,1904-08-01,"15","10","al-Qāhira",226,"30.06263, 31.24967","العالم","العالم","العالم",NA,NA,NA,NA,NA,2
"al-Manār",1588981,2,1904-08-01,"15","10","al-Qāhira",226,"30.06263, 31.24967","المؤيد","المؤيد","al-Muʾayyad","ar",792755902,25,"al-Qāhira","30.06263, 31.24967",1
"al-Manār",1588981,2,1904-08-01,"15","10","al-Qāhira",226,"30.06263, 31.24967","المنار","المنار","al-Manār","ar",1588981,2,"al-Qāhira","30.06263, 31.24967",2
"al-Manār",1588981,2,1904-08-01,"15","10","al-Qāhira",226,"30.06263, 31.24967","شاهد الحقائق","شاهد الحقائق","شاهد الحقائق",NA,NA,NA,NA,NA,1
"al-Manār",1588981,2,1904-08-01,"15","10","al-Qāhira",226,"30.06263, 31.24967","وقت","وقت","وقت",NA,NA,NA,NA,NA,1
"al-Manār",1588981,2,1904-08-01,"15","11","al-Qāhira",226,"30.06263, 31.24967","المنار","المنار","al-Manār","ar",1588981,2,"al-Qāhira","30.06263, 31.24967",2
"al-Manār",1588981,2,1904-08-01,"15","12","al-Qāhira",226,"30.06263, 31.24967","البال","البال","البال",NA,NA,NA,NA,NA,1
"al-Manār",1588981,2,1904-08-01,"15","12","al-Qāhira",226,"30.06263, 31.24967","التيمس","The Times","The Times","en",992611467,26,"London","51.50853, -0.12574",1
"al-Manār",1588981,2,1904-08-01,"15","12","al-Qāhira",226,"30.06263, 31.24967","العرفان","العرفان","al-ʿIrfān","ar",1022938052,12,"Ṣaida","33.55751, 35.37148",1
"al-Manār",1588981,2,1904-08-01,"15","12","al-Qāhira",226,"30.06263, 31.24967","العلم",NA,NA,NA,NA,NA,NA,NA,1
"al-Manār",1588981,2,1904-08-01,"15","12","al-Qāhira",226,"30.06263, 31.24967","المؤيد","المؤيد","al-Muʾayyad","ar",792755902,25,"al-Qāhira","30.06263, 31.24967",1
"al-Manār",1588981,2,1904-08-01,"15","12","al-Qāhira",226,"30.06263, 31.24967","المنار","المنار","al-Manār","ar",1588981,2,"al-Qāhira","30.06263, 31.24967",2
"al-Manār",1588981,2,1904-08-01,"15","2","al-Qāhira",226,"30.06263, 31.24967","الاتحاد العثماني","الاتحاد العثماني","al-Ittiḥād al-ʿUthmānī","ar",42900564,28,"Bayrūt","33.88894, 35.49442",1
"al-Manār",1588981,2,1904-08-01,"15","2","al-Qāhira",226,"30.06263, 31.24967","الحقيقة","الحقيقة","al-Ḥaqīqa","ar",1034550756,30,"Bayrūt","33.88894, 35.49442",1
"al-Manār",1588981,2,1904-08-01,"15","2","al-Qāhira",226,"30.06263, 31.24967","الطان","Le Temps","Le Temps","fr",263593774,21,"Paris","48.85341, 2.3488",1
"al-Manār",1588981,2,1904-08-01,"15","2","al-Qāhira",226,"30.06263, 31.24967","العروة","العروة","العروة",NA,NA,NA,NA,NA,1
"al-Manār",1588981,2,1904-08-01,"15","2","al-Qāhira",226,"30.06263, 31.24967","المفيد","المفيد","al-Mufīd","ar",1034548778,20,"Bayrūt","33.88894, 35.49442",1
"al-Manār",1588981,2,1904-08-01,"15","2","al-Qāhira",226,"30.06263, 31.24967","المقطم","المقطم","المقطم",NA,NA,NA,NA,NA,1
"al-Manār",1588981,2,1904-08-01,"15","2","al-Qāhira",226,"30.06263, 31.24967","المنار","المنار","al-Manār","ar",1588981,2,"al-Qāhira","30.06263, 31.24967",4
"al-Manār",1588981,2,1904-08-01,"15","3","al-Qāhira",226,"30.06263, 31.24967","الأفكار","الأفكار","الأفكار",NA,NA,NA,NA,NA,1
"al-Manār",1588981,2,1904-08-01,"15","3","al-Qāhira",226,"30.06263, 31.24967","الحضارة","الحضارة","الحضارة",NA,NA,NA,NA,NA,0
"al-Manār",1588981,2,1904-08-01,"15","3","al-Qāhira",226,"30.06263, 31.24967","الطان","Le Temps","Le Temps","fr",263593774,21,"Paris","48.85341, 2.3488",1
"al-Manār",1588981,2,1904-08-01,"15","3","al-Qāhira",226,"30.06263, 31.24967","العلم",NA,NA,NA,NA,NA,NA,NA,0
"al-Manār",1588981,2,1904-08-01,"15","3","al-Qāhira",226,"30.06263, 31.24967","القرن","القرن","القرن",NA,NA,NA,NA,NA,1
"al-Manār",1588981,2,1904-08-01,"15","3","al-Qāhira",226,"30.06263, 31.24967","الهلال","الهلال","al-Hilāl","ar",1639361,10,"al-Qāhira","30.06263, 31.24967",1
"al-Manār",1588981,2,1904-08-01,"15","3","al-Qāhira",226,"30.06263, 31.24967","نوفي فريميه","نوفي فريميه","نوفي فريميه",NA,NA,NA,NA,NA,1
"al-Manār",1588981,2,1904-08-01,"15","3","al-Qāhira",226,"30.06263, 31.24967","نوفيه فريمه","نوفيه فريمه","نوفيه فريمه",NA,NA,NA,NA,NA,1
"al-Manār",1588981,2,1904-08-01,"15","3","al-Qāhira",226,"30.06263, 31.24967","وقت","وقت","وقت",NA,NA,NA,NA,NA,2
"al-Manār",1588981,2,1904-08-01,"15","4","al-Qāhira",226,"30.06263, 31.24967","الأفكار","الأفكار","الأفكار",NA,NA,NA,NA,NA,0
"al-Manār",1588981,2,1904-08-01,"15","4","al-Qāhira",226,"30.06263, 31.24967","الإقبال","الإقبال","الإقبال",NA,NA,NA,NA,NA,1
"al-Manār",1588981,2,1904-08-01,"15","4","al-Qāhira",226,"30.06263, 31.24967","البحرية","البحرية","البحرية",NA,NA,NA,NA,NA,0
"al-Manār",1588981,2,1904-08-01,"15","4","al-Qāhira",226,"30.06263, 31.24967","الجنان","الجنان","al-Jinān","ar",987291181,34,"Bayrūt","33.88894, 35.49442",1
"al-Manār",1588981,2,1904-08-01,"15","4","al-Qāhira",226,"30.06263, 31.24967","الشرق","الشرق","الشرق",NA,NA,NA,NA,NA,0
"al-Manār",1588981,2,1904-08-01,"15","4","al-Qāhira",226,"30.06263, 31.24967","الطان","Le Temps","Le Temps","fr",263593774,21,"Paris","48.85341, 2.3488",0
"al-Manār",1588981,2,1904-08-01,"15","4","al-Qāhira",226,"30.06263, 31.24967","العالم","العالم","العالم",NA,NA,NA,NA,NA,1
"al-Manār",1588981,2,1904-08-01,"15","4","al-Qāhira",226,"30.06263, 31.24967","المؤيد","المؤيد","al-Muʾayyad","ar",792755902,25,"al-Qāhira","30.06263, 31.24967",1
"al-Manār",1588981,2,1904-08-01,"15","4","al-Qāhira",226,"30.06263, 31.24967","المباحث","المباحث","المباحث",NA,NA,NA,NA,NA,1
"al-Manār",1588981,2,1904-08-01,"15","4","al-Qāhira",226,"30.06263, 31.24967","الهلال","الهلال","al-Hilāl","ar",1639361,10,"al-Qāhira","30.06263, 31.24967",1
"al-Manār",1588981,2,1904-08-01,"15","4","al-Qāhira",226,"30.06263, 31.24967","وقت","وقت","وقت",NA,NA,NA,NA,NA,1
"al-Manār",1588981,2,1904-08-01,"15","5","al-Qāhira",226,"30.06263, 31.24967","ترقي","ترقي","ترقي",NA,NA,NA,NA,NA,1
"al-Manār",1588981,2,1904-08-01,"15","5","al-Qāhira",226,"30.06263, 31.24967","نوفي فريميه","نوفي فريميه","نوفي فريميه",NA,NA,NA,NA,NA,1
"al-Manār",1588981,2,1904-08-01,"15","5","al-Qāhira",226,"30.06263, 31.24967","وقت","وقت","وقت",NA,NA,NA,NA,NA,1
"al-Manār",1588981,2,1904-08-01,"15","6","al-Qāhira",226,"30.06263, 31.24967","الاتحاد","الاتحاد","الاتحاد",NA,NA,NA,NA,NA,1
"al-Manār",1588981,2,1904-08-01,"15","6","al-Qāhira",226,"30.06263, 31.24967","البرهان","البرهان","البرهان",NA,NA,NA,NA,NA,1
"al-Manār",1588981,2,1904-08-01,"15","6","al-Qāhira",226,"30.06263, 31.24967","الحسناء","al-Ḥasnāʾ","al-Ḥasnāʾ",NA,792756327,23,"Bayrūt","33.88894, 35.49442",1
"al-Manār",1588981,2,1904-08-01,"15","6","al-Qāhira",226,"30.06263, 31.24967","الحقيقة","الحقيقة","al-Ḥaqīqa","ar",1034550756,30,"Bayrūt","33.88894, 35.49442",1
"al-Manār",1588981,2,1904-08-01,"15","6","al-Qāhira",226,"30.06263, 31.24967","الرأي","الرأي","الرأي",NA,NA,NA,NA,NA,1
"al-Manār",1588981,2,1904-08-01,"15","6","al-Qāhira",226,"30.06263, 31.24967","العمران","العمران","العمران",NA,NA,NA,NA,NA,1
"al-Manār",1588981,2,1904-08-01,"15","6","al-Qāhira",226,"30.06263, 31.24967","الكلية",NA,NA,NA,NA,NA,NA,NA,1
"al-Manār",1588981,2,1904-08-01,"15","6","al-Qāhira",226,"30.06263, 31.24967","المراقب","المراقب","المراقب",NA,NA,NA,NA,NA,1
"al-Manār",1588981,2,1904-08-01,"15","6","al-Qāhira",226,"30.06263, 31.24967","المفيد","المفيد","al-Mufīd","ar",1034548778,20,"Bayrūt","33.88894, 35.49442",1
"al-Manār",1588981,2,1904-08-01,"15","6","al-Qāhira",226,"30.06263, 31.24967","المقتبس","المقتبس","al-Muqtabas","ar",4770057679,9,"al-Qāhira","30.06263, 31.24967",1
"al-Manār",1588981,2,1904-08-01,"15","6","al-Qāhira",226,"30.06263, 31.24967","المنار","المنار","al-Manār","ar",1588981,2,"al-Qāhira","30.06263, 31.24967",2
"al-Manār",1588981,2,1904-08-01,"15","6","al-Qāhira",226,"30.06263, 31.24967","النابتة","النابتة","النابتة",NA,NA,NA,NA,NA,1
"al-Manār",1588981,2,1904-08-01,"15","6","al-Qāhira",226,"30.06263, 31.24967","الوطن",NA,NA,NA,NA,NA,NA,NA,1
"al-Manār",1588981,2,1904-08-01,"15","6","al-Qāhira",226,"30.06263, 31.24967","الولاية","الولاية","الولاية",NA,NA,NA,NA,NA,1
"al-Manār",1588981,2,1904-08-01,"15","7","al-Qāhira",226,"30.06263, 31.24967","إرساليات التبشير البروتستانية","إرساليات التبشير البروتستانية","إرساليات التبشير البروتستانية",NA,NA,NA,NA,NA,1
"al-Manār",1588981,2,1904-08-01,"15","7","al-Qāhira",226,"30.06263, 31.24967","الإسلام","الإسلام","الإسلام",NA,NA,NA,NA,NA,1
"al-Manār",1588981,2,1904-08-01,"15","7","al-Qāhira",226,"30.06263, 31.24967","الحقيقة","الحقيقة","al-Ḥaqīqa","ar",1034550756,30,"Bayrūt","33.88894, 35.49442",1
"al-Manār",1588981,2,1904-08-01,"15","7","al-Qāhira",226,"30.06263, 31.24967","الزهرة","الزهرة","الزهرة",NA,NA,NA,NA,NA,1
"al-Manār",1588981,2,1904-08-01,"15","7","al-Qāhira",226,"30.06263, 31.24967","الشرق","الشرق","الشرق",NA,NA,NA,NA,NA,1
"al-Manār",1588981,2,1904-08-01,"15","7","al-Qāhira",226,"30.06263, 31.24967","العالم","العالم","العالم",NA,NA,NA,NA,NA,1
"al-Manār",1588981,2,1904-08-01,"15","7","al-Qāhira",226,"30.06263, 31.24967","العلم",NA,NA,NA,NA,NA,NA,NA,1
"al-Manār",1588981,2,1904-08-01,"15","7","al-Qāhira",226,"30.06263, 31.24967","المؤيد","المؤيد","al-Muʾayyad","ar",792755902,25,"al-Qāhira","30.06263, 31.24967",1
"al-Manār",1588981,2,1904-08-01,"15","7","al-Qāhira",226,"30.06263, 31.24967","المقطم","المقطم","المقطم",NA,NA,NA,NA,NA,0
"al-Manār",1588981,2,1904-08-01,"15","7","al-Qāhira",226,"30.06263, 31.24967","المنار","المنار","al-Manār","ar",1588981,2,"al-Qāhira","30.06263, 31.24967",2
"al-Manār",1588981,2,1904-08-01,"15","7","al-Qāhira",226,"30.06263, 31.24967","دي هايف","دي هايف","دي هايف",NA,NA,NA,NA,NA,1
"al-Manār",1588981,2,1904-08-01,"15","7","al-Qāhira",226,"30.06263, 31.24967","سراج الأخبار","سراج الأخبار","سراج الأخبار",NA,NA,NA,NA,NA,1
"al-Manār",1588981,2,1904-08-01,"15","7","al-Qāhira",226,"30.06263, 31.24967","شورا","شورا","شورا",NA,NA,NA,NA,NA,1
"al-Manār",1588981,2,1904-08-01,"15","7","al-Qāhira",226,"30.06263, 31.24967","وقت","وقت","وقت",NA,NA,NA,NA,NA,1
"al-Manār",1588981,2,1904-08-01,"15","8","al-Qāhira",226,"30.06263, 31.24967","الأفكار","الأفكار","الأفكار",NA,NA,NA,NA,NA,1
"al-Manār",1588981,2,1904-08-01,"15","8","al-Qāhira",226,"30.06263, 31.24967","الإسلام","الإسلام","الإسلام",NA,NA,NA,NA,NA,0
"al-Manār",1588981,2,1904-08-01,"15","8","al-Qāhira",226,"30.06263, 31.24967","الجريدة","الجريدة","الجريدة",NA,NA,NA,NA,NA,1
"al-Manār",1588981,2,1904-08-01,"15","8","al-Qāhira",226,"30.06263, 31.24967","الرئيس","الرئيس","الرئيس",NA,NA,NA,NA,NA,0
"al-Manār",1588981,2,1904-08-01,"15","8","al-Qāhira",226,"30.06263, 31.24967","العالم","العالم","العالم",NA,NA,NA,NA,NA,1
"al-Manār",1588981,2,1904-08-01,"15","8","al-Qāhira",226,"30.06263, 31.24967","القرن","القرن","القرن",NA,NA,NA,NA,NA,1
"al-Manār",1588981,2,1904-08-01,"15","8","al-Qāhira",226,"30.06263, 31.24967","المقتطف","المقتطف","al-Muqtaṭaf","ar",931941685,5,"Bayrūt","33.88894, 35.49442",1
"al-Manār",1588981,2,1904-08-01,"15","8","al-Qāhira",226,"30.06263, 31.24967","زميندار","زميندار","زميندار",NA,NA,NA,NA,NA,1
"al-Manār",1588981,2,1904-08-01,"15","8","al-Qāhira",226,"30.06263, 31.24967","وطن","وطن","وطن",NA,NA,NA,NA,NA,1
"al-Manār",1588981,2,1904-08-01,"15","9","al-Qāhira",226,"30.06263, 31.24967","آيقاف","آيقاف","آيقاف",NA,NA,NA,NA,NA,1
"al-Manār",1588981,2,1904-08-01,"15","9","al-Qāhira",226,"30.06263, 31.24967","الاتحاد","الاتحاد","الاتحاد",NA,NA,NA,NA,NA,1
"al-Manār",1588981,2,1904-08-01,"15","9","al-Qāhira",226,"30.06263, 31.24967","العالم","العالم","العالم",NA,NA,NA,NA,NA,2
"al-Manār",1588981,2,1904-08-01,"15","9","al-Qāhira",226,"30.06263, 31.24967","العلماء","العلماء","العلماء",NA,NA,NA,NA,NA,1
"al-Manār",1588981,2,1904-08-01,"15","9","al-Qāhira",226,"30.06263, 31.24967","المؤيد","المؤيد","al-Muʾayyad","ar",792755902,25,"al-Qāhira","30.06263, 31.24967",1
"al-Manār",1588981,2,1904-08-01,"15","9","al-Qāhira",226,"30.06263, 31.24967","المنار","المنار","al-Manār","ar",1588981,2,"al-Qāhira","30.06263, 31.24967",2
"al-Manār",1588981,2,1904-08-01,"15","9","al-Qāhira",226,"30.06263, 31.24967","وقت","وقت","وقت",NA,NA,NA,NA,NA,1
"al-Manār",1588981,2,1904-08-01,"16","1","al-Qāhira",226,"30.06263, 31.24967","العلم",NA,NA,NA,NA,NA,NA,NA,1
"al-Manār",1588981,2,1904-08-01,"16","1","al-Qāhira",226,"30.06263, 31.24967","اللواء","اللواء","اللواء",NA,NA,NA,NA,NA,1
"al-Manār",1588981,2,1904-08-01,"16","1","al-Qāhira",226,"30.06263, 31.24967","المشرق","المشرق","al-Mashriq","ar",473817521,7,"Bayrūt","33.88894, 35.49442",1
"al-Manār",1588981,2,1904-08-01,"16","1","al-Qāhira",226,"30.06263, 31.24967","المنار","المنار","al-Manār","ar",1588981,2,"al-Qāhira","30.06263, 31.24967",1
"al-Manār",1588981,2,1904-08-01,"16","1","al-Qāhira",226,"30.06263, 31.24967","زميندار","زميندار","زميندار",NA,NA,NA,NA,NA,1
"al-Manār",1588981,2,1904-08-01,"16","1","al-Qāhira",226,"30.06263, 31.24967","وطن","وطن","وطن",NA,NA,NA,NA,NA,1
"al-Manār",1588981,2,1904-08-01,"16","1","al-Qāhira",226,"30.06263, 31.24967","وقت","وقت","وقت",NA,NA,NA,NA,NA,1
"al-Manār",1588981,2,1904-08-01,"16","10","al-Qāhira",226,"30.06263, 31.24967","التيمس","The Times","The Times","en",992611467,26,"London","51.50853, -0.12574",1
"al-Manār",1588981,2,1904-08-01,"16","10","al-Qāhira",226,"30.06263, 31.24967","المنار","المنار","al-Manār","ar",1588981,2,"al-Qāhira","30.06263, 31.24967",4
"al-Manār",1588981,2,1904-08-01,"16","10","al-Qāhira",226,"30.06263, 31.24967","هنديا شريكت","هنديا شريكت","هنديا شريكت",NA,NA,NA,NA,NA,1
"al-Manār",1588981,2,1904-08-01,"16","11","al-Qāhira",226,"30.06263, 31.24967","الآداب","الآداب","الآداب",NA,NA,NA,NA,NA,1
"al-Manār",1588981,2,1904-08-01,"16","11","al-Qāhira",226,"30.06263, 31.24967","الأهرام","الأهرام","الأهرام",NA,NA,NA,NA,NA,1
"al-Manār",1588981,2,1904-08-01,"16","11","al-Qāhira",226,"30.06263, 31.24967","التيمس","The Times","The Times","en",992611467,26,"London","51.50853, -0.12574",1
"al-Manār",1588981,2,1904-08-01,"16","11","al-Qāhira",226,"30.06263, 31.24967","الشرق","الشرق","الشرق",NA,NA,NA,NA,NA,1
"al-Manār",1588981,2,1904-08-01,"16","11","al-Qāhira",226,"30.06263, 31.24967","اللواء","اللواء","اللواء",NA,NA,NA,NA,NA,1
"al-Manār",1588981,2,1904-08-01,"16","11","al-Qāhira",226,"30.06263, 31.24967","المؤيد","المؤيد","al-Muʾayyad","ar",792755902,25,"al-Qāhira","30.06263, 31.24967",1
"al-Manār",1588981,2,1904-08-01,"16","11","al-Qāhira",226,"30.06263, 31.24967","المصلحة","المصلحة","المصلحة",NA,NA,NA,NA,NA,1
"al-Manār",1588981,2,1904-08-01,"16","12","al-Qāhira",226,"30.06263, 31.24967","الدستور","الدستور","الدستور",NA,NA,NA,NA,NA,1
"al-Manār",1588981,2,1904-08-01,"16","12","al-Qāhira",226,"30.06263, 31.24967","اللواء","اللواء","اللواء",NA,NA,NA,NA,NA,1
"al-Manār",1588981,2,1904-08-01,"16","12","al-Qāhira",226,"30.06263, 31.24967","المؤيد","المؤيد","al-Muʾayyad","ar",792755902,25,"al-Qāhira","30.06263, 31.24967",1
"al-Manār",1588981,2,1904-08-01,"16","12","al-Qāhira",226,"30.06263, 31.24967","المفيد","المفيد","al-Mufīd","ar",1034548778,20,"Bayrūt","33.88894, 35.49442",1
"al-Manār",1588981,2,1904-08-01,"16","12","al-Qāhira",226,"30.06263, 31.24967","المقتبس","المقتبس","al-Muqtabas","ar",4770057679,9,"al-Qāhira","30.06263, 31.24967",0
"al-Manār",1588981,2,1904-08-01,"16","12","al-Qāhira",226,"30.06263, 31.24967","المنار","المنار","al-Manār","ar",1588981,2,"al-Qāhira","30.06263, 31.24967",4
"al-Manār",1588981,2,1904-08-01,"16","2","al-Qāhira",226,"30.06263, 31.24967","الأفكار","الأفكار","الأفكار",NA,NA,NA,NA,NA,1
"al-Manār",1588981,2,1904-08-01,"16","2","al-Qāhira",226,"30.06263, 31.24967","الأهالي","الأهالي","الأهالي",NA,NA,NA,NA,NA,1
"al-Manār",1588981,2,1904-08-01,"16","2","al-Qāhira",226,"30.06263, 31.24967","الأهرام","الأهرام","الأهرام",NA,NA,NA,NA,NA,2
"al-Manār",1588981,2,1904-08-01,"16","2","al-Qāhira",226,"30.06263, 31.24967","الطان","Le Temps","Le Temps","fr",263593774,21,"Paris","48.85341, 2.3488",1
"al-Manār",1588981,2,1904-08-01,"16","2","al-Qāhira",226,"30.06263, 31.24967","العرفان","العرفان","al-ʿIrfān","ar",1022938052,12,"Ṣaida","33.55751, 35.37148",1
"al-Manār",1588981,2,1904-08-01,"16","2","al-Qāhira",226,"30.06263, 31.24967","العلم",NA,NA,NA,NA,NA,NA,NA,1
"al-Manār",1588981,2,1904-08-01,"16","2","al-Qāhira",226,"30.06263, 31.24967","المقطم","المقطم","المقطم",NA,NA,NA,NA,NA,1
"al-Manār",1588981,2,1904-08-01,"16","2","al-Qāhira",226,"30.06263, 31.24967","الهلال","الهلال","al-Hilāl","ar",1639361,10,"al-Qāhira","30.06263, 31.24967",1
"al-Manār",1588981,2,1904-08-01,"16","3","al-Qāhira",226,"30.06263, 31.24967","العالم","العالم","العالم",NA,NA,NA,NA,NA,1
"al-Manār",1588981,2,1904-08-01,"16","3","al-Qāhira",226,"30.06263, 31.24967","المؤيد","المؤيد","al-Muʾayyad","ar",792755902,25,"al-Qāhira","30.06263, 31.24967",1
"al-Manār",1588981,2,1904-08-01,"16","4","al-Qāhira",226,"30.06263, 31.24967","الأحكام","الأحكام","الأحكام",NA,NA,NA,NA,NA,1
"al-Manār",1588981,2,1904-08-01,"16","4","al-Qāhira",226,"30.06263, 31.24967","العرب",NA,NA,NA,NA,NA,NA,NA,1
"al-Manār",1588981,2,1904-08-01,"16","4","al-Qāhira",226,"30.06263, 31.24967","العلم",NA,NA,NA,NA,NA,NA,NA,1
"al-Manār",1588981,2,1904-08-01,"16","4","al-Qāhira",226,"30.06263, 31.24967","اللواء","اللواء","اللواء",NA,NA,NA,NA,NA,1
"al-Manār",1588981,2,1904-08-01,"16","4","al-Qāhira",226,"30.06263, 31.24967","المقتبس","المقتبس","al-Muqtabas","ar",4770057679,9,"al-Qāhira","30.06263, 31.24967",1
"al-Manār",1588981,2,1904-08-01,"16","5","al-Qāhira",226,"30.06263, 31.24967","الشرق","الشرق","الشرق",NA,NA,NA,NA,NA,1
"al-Manār",1588981,2,1904-08-01,"16","5","al-Qāhira",226,"30.06263, 31.24967","الهلال","الهلال","al-Hilāl","ar",1639361,10,"al-Qāhira","30.06263, 31.24967",1
"al-Manār",1588981,2,1904-08-01,"16","6","al-Qāhira",226,"30.06263, 31.24967","اقتصاد","اقتصاد","اقتصاد",NA,NA,NA,NA,NA,0
"al-Manār",1588981,2,1904-08-01,"16","6","al-Qāhira",226,"30.06263, 31.24967","التيمس","The Times","The Times","en",992611467,26,"London","51.50853, -0.12574",1
"al-Manār",1588981,2,1904-08-01,"16","6","al-Qāhira",226,"30.06263, 31.24967","دين ومعيشت","دين ومعيشت","دين ومعيشت",NA,NA,NA,NA,NA,1
"al-Manār",1588981,2,1904-08-01,"16","8","al-Qāhira",226,"30.06263, 31.24967","الأهرام","الأهرام","الأهرام",NA,NA,NA,NA,NA,1
"al-Manār",1588981,2,1904-08-01,"16","8","al-Qāhira",226,"30.06263, 31.24967","البرهان","البرهان","البرهان",NA,NA,NA,NA,NA,1
"al-Manār",1588981,2,1904-08-01,"16","8","al-Qāhira",226,"30.06263, 31.24967","التيمس","The Times","The Times","en",992611467,26,"London","51.50853, -0.12574",1
"al-Manār",1588981,2,1904-08-01,"16","8","al-Qāhira",226,"30.06263, 31.24967","الديلي","الديلي","الديلي",NA,NA,NA,NA,NA,1
"al-Manār",1588981,2,1904-08-01,"16","8","al-Qāhira",226,"30.06263, 31.24967","الرأي","الرأي","الرأي",NA,NA,NA,NA,NA,1
"al-Manār",1588981,2,1904-08-01,"16","8","al-Qāhira",226,"30.06263, 31.24967","الشعب","الشعب","الشعب",NA,NA,NA,NA,NA,1
"al-Manār",1588981,2,1904-08-01,"16","8","al-Qāhira",226,"30.06263, 31.24967","الطان","Le Temps","Le Temps","fr",263593774,21,"Paris","48.85341, 2.3488",2
"al-Manār",1588981,2,1904-08-01,"16","8","al-Qāhira",226,"30.06263, 31.24967","الكومندايتور","الكومندايتور","الكومندايتور",NA,NA,NA,NA,NA,1
"al-Manār",1588981,2,1904-08-01,"16","8","al-Qāhira",226,"30.06263, 31.24967","المفيد","المفيد","al-Mufīd","ar",1034548778,20,"Bayrūt","33.88894, 35.49442",1
"al-Manār",1588981,2,1904-08-01,"16","8","al-Qāhira",226,"30.06263, 31.24967","المنار","المنار","al-Manār","ar",1588981,2,"al-Qāhira","30.06263, 31.24967",5
"al-Manār",1588981,2,1904-08-01,"17","1","al-Qāhira",226,"30.06263, 31.24967","الأبزيرفر","الأبزيرفر","الأبزيرفر",NA,NA,NA,NA,NA,1
"al-Manār",1588981,2,1904-08-01,"17","1","al-Qāhira",226,"30.06263, 31.24967","الأهرام","الأهرام","الأهرام",NA,NA,NA,NA,NA,1
"al-Manār",1588981,2,1904-08-01,"17","1","al-Qāhira",226,"30.06263, 31.24967","الخواص","الخواص","الخواص",NA,NA,NA,NA,NA,1
"al-Manār",1588981,2,1904-08-01,"17","1","al-Qāhira",226,"30.06263, 31.24967","الديلي","الديلي","الديلي",NA,NA,NA,NA,NA,1
"al-Manār",1588981,2,1904-08-01,"17","1","al-Qāhira",226,"30.06263, 31.24967","العالم","العالم","العالم",NA,NA,NA,NA,NA,1
"al-Manār",1588981,2,1904-08-01,"17","1","al-Qāhira",226,"30.06263, 31.24967","العلوم","العلوم","العلوم",NA,NA,NA,NA,NA,1
"al-Manār",1588981,2,1904-08-01,"17","1","al-Qāhira",226,"30.06263, 31.24967","اللواء","اللواء","اللواء",NA,NA,NA,NA,NA,1
"al-Manār",1588981,2,1904-08-01,"17","1","al-Qāhira",226,"30.06263, 31.24967","المؤيد","المؤيد","al-Muʾayyad","ar",792755902,25,"al-Qāhira","30.06263, 31.24967",1
"al-Manār",1588981,2,1904-08-01,"17","1","al-Qāhira",226,"30.06263, 31.24967","المنار","المنار","al-Manār","ar",1588981,2,"al-Qāhira","30.06263, 31.24967",2
"al-Manār",1588981,2,1904-08-01,"17","1","al-Qāhira",226,"30.06263, 31.24967","الهدي","الهدي","الهدي",NA,NA,NA,NA,NA,1
"al-Manār",1588981,2,1904-08-01,"17","10","al-Qāhira",226,"30.06263, 31.24967","إسلامك ريبويو","إسلامك ريبويو","إسلامك ريبويو",NA,NA,NA,NA,NA,1
"al-Manār",1588981,2,1904-08-01,"17","10","al-Qāhira",226,"30.06263, 31.24967","المنار","المنار","al-Manār","ar",1588981,2,"al-Qāhira","30.06263, 31.24967",2
"al-Manār",1588981,2,1904-08-01,"17","11","al-Qāhira",226,"30.06263, 31.24967","الهدى","الهدى","الهدى",NA,NA,NA,NA,NA,1
"al-Manār",1588981,2,1904-08-01,"17","12","al-Qāhira",226,"30.06263, 31.24967","المنار","المنار","al-Manār","ar",1588981,2,"al-Qāhira","30.06263, 31.24967",0
"al-Manār",1588981,2,1904-08-01,"17","12","al-Qāhira",226,"30.06263, 31.24967","الهلال","الهلال","al-Hilāl","ar",1639361,10,"al-Qāhira","30.06263, 31.24967",1
"al-Manār",1588981,2,1904-08-01,"17","2","al-Qāhira",226,"30.06263, 31.24967","الأهرام","الأهرام","الأهرام",NA,NA,NA,NA,NA,1
"al-Manār",1588981,2,1904-08-01,"17","2","al-Qāhira",226,"30.06263, 31.24967","الناشئة","الناشئة","الناشئة",NA,NA,NA,NA,NA,1
"al-Manār",1588981,2,1904-08-01,"17","3","al-Qāhira",226,"30.06263, 31.24967","الأفكار","الأفكار","الأفكار",NA,NA,NA,NA,NA,1
"al-Manār",1588981,2,1904-08-01,"17","3","al-Qāhira",226,"30.06263, 31.24967","البيان","البيان","al-Bayān","ar",792754974,11,"al-Qāhira","30.06263, 31.24967",1
"al-Manār",1588981,2,1904-08-01,"17","3","al-Qāhira",226,"30.06263, 31.24967","الشعب","الشعب","الشعب",NA,NA,NA,NA,NA,1
"al-Manār",1588981,2,1904-08-01,"17","3","al-Qāhira",226,"30.06263, 31.24967","الهدى","الهدى","الهدى",NA,NA,NA,NA,NA,2
"al-Manār",1588981,2,1904-08-01,"17","4","al-Qāhira",226,"30.06263, 31.24967","الجامعة","الجامعة","al-Jāmiʿ","ar",1034547407,8,"Alexandria","31.20176, 29.91582",1
"al-Manār",1588981,2,1904-08-01,"17","4","al-Qāhira",226,"30.06263, 31.24967","الطان","Le Temps","Le Temps","fr",263593774,21,"Paris","48.85341, 2.3488",1
"al-Manār",1588981,2,1904-08-01,"17","4","al-Qāhira",226,"30.06263, 31.24967","المؤيد","المؤيد","al-Muʾayyad","ar",792755902,25,"al-Qāhira","30.06263, 31.24967",1
"al-Manār",1588981,2,1904-08-01,"17","4","al-Qāhira",226,"30.06263, 31.24967","المنار","المنار","al-Manār","ar",1588981,2,"al-Qāhira","30.06263, 31.24967",3
"al-Manār",1588981,2,1904-08-01,"17","4","al-Qāhira",226,"30.06263, 31.24967","الهلال","الهلال","al-Hilāl","ar",1639361,10,"al-Qāhira","30.06263, 31.24967",1
"al-Manār",1588981,2,1904-08-01,"17","4","al-Qāhira",226,"30.06263, 31.24967","الوطن",NA,NA,NA,NA,NA,NA,NA,1
"al-Manār",1588981,2,1904-08-01,"17","5","al-Qāhira",226,"30.06263, 31.24967","المفيد","المفيد","al-Mufīd","ar",1034548778,20,"Bayrūt","33.88894, 35.49442",1
"al-Manār",1588981,2,1904-08-01,"17","6","al-Qāhira",226,"30.06263, 31.24967","المنار","المنار","al-Manār","ar",1588981,2,"al-Qāhira","30.06263, 31.24967",1
"al-Manār",1588981,2,1904-08-01,"17","6","al-Qāhira",226,"30.06263, 31.24967","الوطن",NA,NA,NA,NA,NA,NA,NA,1
"al-Manār",1588981,2,1904-08-01,"17","6","al-Qāhira",226,"30.06263, 31.24967","دوكير","دوكير","دوكير",NA,NA,NA,NA,NA,1
"al-Manār",1588981,2,1904-08-01,"17","7","al-Qāhira",226,"30.06263, 31.24967","إقدام","إقدام","إقدام",NA,NA,NA,NA,NA,1
"al-Manār",1588981,2,1904-08-01,"17","7","al-Qāhira",226,"30.06263, 31.24967","المفيد","المفيد","al-Mufīd","ar",1034548778,20,"Bayrūt","33.88894, 35.49442",1
"al-Manār",1588981,2,1904-08-01,"17","8","al-Qāhira",226,"30.06263, 31.24967","إقدام","إقدام","إقدام",NA,NA,NA,NA,NA,1
"al-Manār",1588981,2,1904-08-01,"17","8","al-Qāhira",226,"30.06263, 31.24967","المنار","المنار","al-Manār","ar",1588981,2,"al-Qāhira","30.06263, 31.24967",2
"al-Manār",1588981,2,1904-08-01,"17","8","al-Qāhira",226,"30.06263, 31.24967","الهدى","الهدى","الهدى",NA,NA,NA,NA,NA,1
"al-Manār",1588981,2,1904-08-01,"17","8","al-Qāhira",226,"30.06263, 31.24967","الهلال","الهلال","al-Hilāl","ar",1639361,10,"al-Qāhira","30.06263, 31.24967",1
"al-Manār",1588981,2,1904-08-01,"17","8","al-Qāhira",226,"30.06263, 31.24967","بيام","بيام","بيام",NA,NA,NA,NA,NA,1
"al-Manār",1588981,2,1904-08-01,"18","1","al-Qāhira",226,"30.06263, 31.24967","الأهرام","الأهرام","الأهرام",NA,NA,NA,NA,NA,1
"al-Manār",1588981,2,1904-08-01,"18","1","al-Qāhira",226,"30.06263, 31.24967","الزمان","الزمان","الزمان",NA,NA,NA,NA,NA,1
"al-Manār",1588981,2,1904-08-01,"18","1","al-Qāhira",226,"30.06263, 31.24967","وطن","وطن","وطن",NA,NA,NA,NA,NA,1
"al-Manār",1588981,2,1904-08-01,"18","10","al-Qāhira",226,"30.06263, 31.24967","المنار","المنار","al-Manār","ar",1588981,2,"al-Qāhira","30.06263, 31.24967",3
"al-Manār",1588981,2,1904-08-01,"18","2","al-Qāhira",226,"30.06263, 31.24967","الأفكار","الأفكار","الأفكار",NA,NA,NA,NA,NA,2
"al-Manār",1588981,2,1904-08-01,"18","2","al-Qāhira",226,"30.06263, 31.24967","القرن","القرن","القرن",NA,NA,NA,NA,NA,1
"al-Manār",1588981,2,1904-08-01,"18","2","al-Qāhira",226,"30.06263, 31.24967","عليكدة إنستيتيوت غازت","عليكدة إنستيتيوت غازت","عليكدة إنستيتيوت غازت",NA,NA,NA,NA,NA,1
"al-Manār",1588981,2,1904-08-01,"18","3","al-Qāhira",226,"30.06263, 31.24967","الأديان","الأديان","الأديان",NA,NA,NA,NA,NA,1
"al-Manār",1588981,2,1904-08-01,"18","3","al-Qāhira",226,"30.06263, 31.24967","القرن","القرن","القرن",NA,NA,NA,NA,NA,0
"al-Manār",1588981,2,1904-08-01,"18","4","al-Qāhira",226,"30.06263, 31.24967","المؤيد","المؤيد","al-Muʾayyad","ar",792755902,25,"al-Qāhira","30.06263, 31.24967",1
"al-Manār",1588981,2,1904-08-01,"18","5","al-Qāhira",226,"30.06263, 31.24967","الأهرام","الأهرام","الأهرام",NA,NA,NA,NA,NA,1
"al-Manār",1588981,2,1904-08-01,"18","6","al-Qāhira",226,"30.06263, 31.24967","الحياة",NA,NA,NA,NA,NA,NA,NA,1
"al-Manār",1588981,2,1904-08-01,"18","7","al-Qāhira",226,"30.06263, 31.24967","السيشر","السيشر","السيشر",NA,NA,NA,NA,NA,1
"al-Manār",1588981,2,1904-08-01,"18","8","al-Qāhira",226,"30.06263, 31.24967","المنار","المنار","al-Manār","ar",1588981,2,"al-Qāhira","30.06263, 31.24967",1
"al-Manār",1588981,2,1904-08-01,"18","9","al-Qāhira",226,"30.06263, 31.24967","المنار","المنار","al-Manār","ar",1588981,2,"al-Qāhira","30.06263, 31.24967",2
"al-Manār",1588981,2,1904-08-01,"19","1","al-Qāhira",226,"30.06263, 31.24967","المبشرين","المبشرين","المبشرين",NA,NA,NA,NA,NA,1
"al-Manār",1588981,2,1904-08-01,"19","10","al-Qāhira",226,"30.06263, 31.24967","البصير","البصير","البصير",NA,NA,NA,NA,NA,1
"al-Manār",1588981,2,1904-08-01,"19","2","al-Qāhira",226,"30.06263, 31.24967","الأهرام","الأهرام","الأهرام",NA,NA,NA,NA,NA,1
"al-Manār",1588981,2,1904-08-01,"19","2","al-Qāhira",226,"30.06263, 31.24967","الشرق","الشرق","الشرق",NA,NA,NA,NA,NA,1
"al-Manār",1588981,2,1904-08-01,"19","2","al-Qāhira",226,"30.06263, 31.24967","اللواء","اللواء","اللواء",NA,NA,NA,NA,NA,1
"al-Manār",1588981,2,1904-08-01,"19","2","al-Qāhira",226,"30.06263, 31.24967","المؤيد","المؤيد","al-Muʾayyad","ar",792755902,25,"al-Qāhira","30.06263, 31.24967",1
"al-Manār",1588981,2,1904-08-01,"19","2","al-Qāhira",226,"30.06263, 31.24967","المفتاح","المفتاح","المفتاح",NA,NA,NA,NA,NA,1
"al-Manār",1588981,2,1904-08-01,"19","2","al-Qāhira",226,"30.06263, 31.24967","المقتطف","المقتطف","al-Muqtaṭaf","ar",931941685,5,"Bayrūt","33.88894, 35.49442",1
"al-Manār",1588981,2,1904-08-01,"19","2","al-Qāhira",226,"30.06263, 31.24967","المقطم","المقطم","المقطم",NA,NA,NA,NA,NA,1
"al-Manār",1588981,2,1904-08-01,"19","2","al-Qāhira",226,"30.06263, 31.24967","المنار","المنار","al-Manār","ar",1588981,2,"al-Qāhira","30.06263, 31.24967",3
"al-Manār",1588981,2,1904-08-01,"19","2","al-Qāhira",226,"30.06263, 31.24967","الهلال","الهلال","al-Hilāl","ar",1639361,10,"al-Qāhira","30.06263, 31.24967",1
"al-Manār",1588981,2,1904-08-01,"19","3","al-Qāhira",226,"30.06263, 31.24967","إقدام","إقدام","إقدام",NA,NA,NA,NA,NA,1
"al-Manār",1588981,2,1904-08-01,"19","3","al-Qāhira",226,"30.06263, 31.24967","اجتهاد","اجتهاد","اجتهاد",NA,NA,NA,NA,NA,1
"al-Manār",1588981,2,1904-08-01,"19","3","al-Qāhira",226,"30.06263, 31.24967","الأهرام","الأهرام","الأهرام",NA,NA,NA,NA,NA,1
"al-Manār",1588981,2,1904-08-01,"19","3","al-Qāhira",226,"30.06263, 31.24967","الحضارة","الحضارة","الحضارة",NA,NA,NA,NA,NA,1
"al-Manār",1588981,2,1904-08-01,"19","4","al-Qāhira",226,"30.06263, 31.24967","الأهرام","الأهرام","الأهرام",NA,NA,NA,NA,NA,1
"al-Manār",1588981,2,1904-08-01,"19","4","al-Qāhira",226,"30.06263, 31.24967","الشرق","الشرق","الشرق",NA,NA,NA,NA,NA,1
"al-Manār",1588981,2,1904-08-01,"19","4","al-Qāhira",226,"30.06263, 31.24967","القدس","القدس","القدس",NA,NA,NA,NA,NA,1
"al-Manār",1588981,2,1904-08-01,"19","4","al-Qāhira",226,"30.06263, 31.24967","المنار","المنار","al-Manār","ar",1588981,2,"al-Qāhira","30.06263, 31.24967",1
"al-Manār",1588981,2,1904-08-01,"19","5","al-Qāhira",226,"30.06263, 31.24967","التيمس","The Times","The Times","en",992611467,26,"London","51.50853, -0.12574",1
"al-Manār",1588981,2,1904-08-01,"19","5","al-Qāhira",226,"30.06263, 31.24967","الهدى","الهدى","الهدى",NA,NA,NA,NA,NA,1
"al-Manār",1588981,2,1904-08-01,"19","6","al-Qāhira",226,"30.06263, 31.24967","الأحكام","الأحكام","الأحكام",NA,NA,NA,NA,NA,1
"al-Manār",1588981,2,1904-08-01,"19","6","al-Qāhira",226,"30.06263, 31.24967","الشرق","الشرق","الشرق",NA,NA,NA,NA,NA,1
"al-Manār",1588981,2,1904-08-01,"19","6","al-Qāhira",226,"30.06263, 31.24967","القبلة","القبلة","القبلة",NA,NA,NA,NA,NA,2
"al-Manār",1588981,2,1904-08-01,"19","6","al-Qāhira",226,"30.06263, 31.24967","المؤيد","المؤيد","al-Muʾayyad","ar",792755902,25,"al-Qāhira","30.06263, 31.24967",1
"al-Manār",1588981,2,1904-08-01,"19","7","al-Qāhira",226,"30.06263, 31.24967","الأهرام","الأهرام","الأهرام",NA,NA,NA,NA,NA,1
"al-Manār",1588981,2,1904-08-01,"19","7","al-Qāhira",226,"30.06263, 31.24967","القبلة","القبلة","القبلة",NA,NA,NA,NA,NA,3
"al-Manār",1588981,2,1904-08-01,"19","7","al-Qāhira",226,"30.06263, 31.24967","القِبلة","القِبلة","القِبلة",NA,NA,NA,NA,NA,1
"al-Manār",1588981,2,1904-08-01,"19","8","al-Qāhira",226,"30.06263, 31.24967","أندرنوخ","أندرنوخ","أندرنوخ",NA,NA,NA,NA,NA,1
"al-Manār",1588981,2,1904-08-01,"19","8","al-Qāhira",226,"30.06263, 31.24967","التيمس","The Times","The Times","en",992611467,26,"London","51.50853, -0.12574",1
"al-Manār",1588981,2,1904-08-01,"19","8","al-Qāhira",226,"30.06263, 31.24967","القبلة","القبلة","القبلة",NA,NA,NA,NA,NA,1
"al-Manār",1588981,2,1904-08-01,"19","8","al-Qāhira",226,"30.06263, 31.24967","القِبلة","القِبلة","القِبلة",NA,NA,NA,NA,NA,1
"al-Manār",1588981,2,1904-08-01,"19","8","al-Qāhira",226,"30.06263, 31.24967","نبر إست","نبر إست","نبر إست",NA,NA,NA,NA,NA,1
"al-Manār",1588981,2,1904-08-01,"19","9","al-Qāhira",226,"30.06263, 31.24967","القبلة","القبلة","القبلة",NA,NA,NA,NA,NA,1
"al-Manār",1588981,2,1904-08-01,"19","9","al-Qāhira",226,"30.06263, 31.24967","المؤيد","المؤيد","al-Muʾayyad","ar",792755902,25,"al-Qāhira","30.06263, 31.24967",1
"al-Manār",1588981,2,1904-08-01,"20","1","al-Qāhira",226,"30.06263, 31.24967","البايي","البايي","البايي",NA,NA,NA,NA,NA,1
"al-Manār",1588981,2,1904-08-01,"20","1","al-Qāhira",226,"30.06263, 31.24967","القبلة","القبلة","القبلة",NA,NA,NA,NA,NA,1
"al-Manār",1588981,2,1904-08-01,"20","10","al-Qāhira",226,"30.06263, 31.24967","الآداب","الآداب","الآداب",NA,NA,NA,NA,NA,1
"al-Manār",1588981,2,1904-08-01,"20","2","al-Qāhira",226,"30.06263, 31.24967","المنار","المنار","al-Manār","ar",1588981,2,"al-Qāhira","30.06263, 31.24967",1
"al-Manār",1588981,2,1904-08-01,"20","3","al-Qāhira",226,"30.06263, 31.24967","الأهرام","الأهرام","الأهرام",NA,NA,NA,NA,NA,1
"al-Manār",1588981,2,1904-08-01,"20","3","al-Qāhira",226,"30.06263, 31.24967","القبلة","القبلة","القبلة",NA,NA,NA,NA,NA,1
"al-Manār",1588981,2,1904-08-01,"20","3","al-Qāhira",226,"30.06263, 31.24967","المقطم","المقطم","المقطم",NA,NA,NA,NA,NA,1
"al-Manār",1588981,2,1904-08-01,"20","4","al-Qāhira",226,"30.06263, 31.24967","جويش كرونكل","جويش كرونكل","جويش كرونكل",NA,NA,NA,NA,NA,1
"al-Manār",1588981,2,1904-08-01,"20","5","al-Qāhira",226,"30.06263, 31.24967","الأهرام","الأهرام","الأهرام",NA,NA,NA,NA,NA,1
"al-Manār",1588981,2,1904-08-01,"20","6","al-Qāhira",226,"30.06263, 31.24967","القبلة","القبلة","القبلة",NA,NA,NA,NA,NA,1
"al-Manār",1588981,2,1904-08-01,"20","8","al-Qāhira",226,"30.06263, 31.24967","الهلال","الهلال","al-Hilāl","ar",1639361,10,"al-Qāhira","30.06263, 31.24967",1
"al-Manār",1588981,2,1904-08-01,"9","1","al-Qāhira",226,"30.06263, 31.24967","المجلات","المجلات","المجلات",NA,NA,NA,NA,NA,1
"al-Manār",1588981,2,1904-08-01,"9","1","al-Qāhira",226,"30.06263, 31.24967","وكيل","وكيل","وكيل",NA,NA,NA,NA,NA,1
"al-Manār",1588981,2,1904-08-01,"9","11","al-Qāhira",226,"30.06263, 31.24967","ألفت","ألفت","ألفت",NA,NA,NA,NA,NA,1
"al-Manār",1588981,2,1904-08-01,"9","11","al-Qāhira",226,"30.06263, 31.24967","الإجبت","الإجبت","الإجبت",NA,NA,NA,NA,NA,1
"al-Manār",1588981,2,1904-08-01,"9","11","al-Qāhira",226,"30.06263, 31.24967","المنار","المنار","al-Manār","ar",1588981,2,"al-Qāhira","30.06263, 31.24967",3
"al-Manār",1588981,2,1904-08-01,"9","11","al-Qāhira",226,"30.06263, 31.24967","المنبر","المنبر","المنبر",NA,NA,NA,NA,NA,1
"al-Manār",1588981,2,1904-08-01,"9","11","al-Qāhira",226,"30.06263, 31.24967","تربيت","تربيت","تربيت",NA,NA,NA,NA,NA,1
"al-Manār",1588981,2,1904-08-01,"9","12","al-Qāhira",226,"30.06263, 31.24967","الأهرام","الأهرام","الأهرام",NA,NA,NA,NA,NA,1
"al-Manār",1588981,2,1904-08-01,"9","12","al-Qāhira",226,"30.06263, 31.24967","الرياض",NA,NA,NA,NA,NA,NA,NA,1
"al-Manār",1588981,2,1904-08-01,"9","12","al-Qāhira",226,"30.06263, 31.24967","الصحافة","الصحافة","الصحافة",NA,NA,NA,NA,NA,1
"al-Manār",1588981,2,1904-08-01,"9","12","al-Qāhira",226,"30.06263, 31.24967","الطريق","الطريق","الطريق",NA,NA,NA,NA,NA,1
"al-Manār",1588981,2,1904-08-01,"9","12","al-Qāhira",226,"30.06263, 31.24967","العروة","العروة","العروة",NA,NA,NA,NA,NA,1
"al-Manār",1588981,2,1904-08-01,"9","12","al-Qāhira",226,"30.06263, 31.24967","اللواء","اللواء","اللواء",NA,NA,NA,NA,NA,1
"al-Manār",1588981,2,1904-08-01,"9","12","al-Qāhira",226,"30.06263, 31.24967","المنار","المنار","al-Manār","ar",1588981,2,"al-Qāhira","30.06263, 31.24967",3
"al-Manār",1588981,2,1904-08-01,"9","12","al-Qāhira",226,"30.06263, 31.24967","مجلس","مجلس","مجلس",NA,NA,NA,NA,NA,1
"al-Manār",1588981,2,1904-08-01,"9","2","al-Qāhira",226,"30.06263, 31.24967","الشتاء","الشتاء","الشتاء",NA,NA,NA,NA,NA,0
"al-Manār",1588981,2,1904-08-01,"9","3","al-Qāhira",226,"30.06263, 31.24967","الصواب","الصواب","الصواب",NA,NA,NA,NA,NA,1
"al-Manār",1588981,2,1904-08-01,"9","3","al-Qāhira",226,"30.06263, 31.24967","الطان","Le Temps","Le Temps","fr",263593774,21,"Paris","48.85341, 2.3488",1
"al-Manār",1588981,2,1904-08-01,"9","3","al-Qāhira",226,"30.06263, 31.24967","المنار","المنار","al-Manār","ar",1588981,2,"al-Qāhira","30.06263, 31.24967",4
"al-Manār",1588981,2,1904-08-01,"9","3","al-Qāhira",226,"30.06263, 31.24967","ترجمان","ترجمان","ترجمان",NA,NA,NA,NA,NA,1
"al-Manār",1588981,2,1904-08-01,"9","3","al-Qāhira",226,"30.06263, 31.24967","ترك","ترك","ترك",NA,NA,NA,NA,NA,1
"al-Manār",1588981,2,1904-08-01,"9","3","al-Qāhira",226,"30.06263, 31.24967","وقت","وقت","وقت",NA,NA,NA,NA,NA,1
"al-Manār",1588981,2,1904-08-01,"9","4","al-Qāhira",226,"30.06263, 31.24967","وقت","وقت","وقت",NA,NA,NA,NA,NA,1
"al-Manār",1588981,2,1904-08-01,"9","5","al-Qāhira",226,"30.06263, 31.24967","المجلات","المجلات","المجلات",NA,NA,NA,NA,NA,1
"al-Manār",1588981,2,1904-08-01,"9","5","al-Qāhira",226,"30.06263, 31.24967","المنار","المنار","al-Manār","ar",1588981,2,"al-Qāhira","30.06263, 31.24967",4
"al-Manār",1588981,2,1904-08-01,"9","6","al-Qāhira",226,"30.06263, 31.24967","اللواء","اللواء","اللواء",NA,NA,NA,NA,NA,0
"al-Manār",1588981,2,1904-08-01,"9","6","al-Qāhira",226,"30.06263, 31.24967","المنار","المنار","al-Manār","ar",1588981,2,"al-Qāhira","30.06263, 31.24967",4
"al-Manār",1588981,2,1904-08-01,"9","6","al-Qāhira",226,"30.06263, 31.24967","المنبر","المنبر","المنبر",NA,NA,NA,NA,NA,0
"al-Manār",1588981,2,1904-08-01,"9","7","al-Qāhira",226,"30.06263, 31.24967","الحكومة","الحكومة","الحكومة",NA,NA,NA,NA,NA,1
"al-Manār",1588981,2,1904-08-01,"9","7","al-Qāhira",226,"30.06263, 31.24967","المؤيد","المؤيد","al-Muʾayyad","ar",792755902,25,"al-Qāhira","30.06263, 31.24967",1
"al-Manār",1588981,2,1904-08-01,"9","7","al-Qāhira",226,"30.06263, 31.24967","المنار","المنار","al-Manār","ar",1588981,2,"al-Qāhira","30.06263, 31.24967",5
"al-Manār",1588981,2,1904-08-01,"9","8","al-Qāhira",226,"30.06263, 31.24967","المنار","المنار","al-Manār","ar",1588981,2,"al-Qāhira","30.06263, 31.24967",1
"al-Manār",1588981,2,1904-08-01,"9","8","al-Qāhira",226,"30.06263, 31.24967","المنبر","المنبر","المنبر",NA,NA,NA,NA,NA,1
"al-Manār",1588981,2,1904-08-01,"9","8","al-Qāhira",226,"30.06263, 31.24967","الوقائع","الوقائع","الوقائع",NA,NA,NA,NA,NA,1
"al-Manār",1588981,2,1904-08-01,"9","9","al-Qāhira",226,"30.06263, 31.24967","التيمس","The Times","The Times","en",992611467,26,"London","51.50853, -0.12574",0
